# Issue #154 strict inventory of Quarkdown v2.5.1 content, media, presentation, and Markdown-extension surfaces.
# target_sha=107ec3a9482f10d6f90d7580f8409b46a719d18e
# audit_base=7144683346fd6e39c49ef0923733c856a6a55f42
# declared_total=83
# declared_owned=71
# declared_handoffs=12
# Columns: ownership	canonical/public surface	aliases	category/family	exact upstream syntax/signature	exact Quarkdown v2.5.1 provenance	observable contract	Markdown baseline relationship	Quarkdown-specific extension/semantic delta	parser/frontend representation	source provenance/span behavior	binder/value-conversion requirements	evaluator semantics	AST/semantic representation	backend-neutral IR representation or current absence	Typst/backend behavior	rendered-output fidelity	resource/project dependency	caption interaction	numbering interaction	reference/label interaction	layout/document-state interaction	malformed-input behavior	unsupported-input behavior	diagnostic behavior	current Scribium conformance/test evidence	current canonical #147 support status	existing issue/PR linkage	exact remaining gap	disposition
owned	markdown:blocks	none	Markdown baseline	CommonMark/GFM headings, paragraphs, blockquotes, lists, task items, thematic breaks	https://github.com/iamgio/quarkdown/tree/107ec3a9482f10d6f90d7580f8409b46a719d18e/quarkdown-core/src/main/kotlin/com/quarkdown/core/parser	Existing Markdown block structure is parsed and lowered.	Baseline Markdown; not a QD extension.	Existing Markdown AST/IR and output tests.	Rushdown is the Markdown substrate; QD calls use the established scribium-markdown boundary	Current source-span model; no new #154 span mapping	No new binding; #149/#165-#167 own callable conversion	Existing native/evaluator path; no new #154 code.	Existing semantic node or bounded Markdown semantic.	Existing backend-neutral IR.	Existing Typst lowering.	Existing component/Markdown tests and real Typst/PDF evidence.	No resource access added; #155 where applicable	No current caption producer/consumer	#153 owns global numbering policy; no local index represented	No current label/reference index	No new document-state or layout subsystem	Existing parser/evaluator diagnostics only	Unrepresented behavior remains unsupported; no silent fallback	Existing structured diagnostics only	Existing Rushdown parser/IR tests and real Typst/PDF output tests for the bounded Markdown block contract.	SUPPORTED_END_TO_END	#56;#63	No #154-owned gap for the bounded CommonMark/GFM block contract; Quarkdown callable block semantics remain separate.	Audit evidence only; implementation frozen until #156
owned	markdown:inlines	none	Markdown baseline	CommonMark/GFM emphasis, strong, strike, code span, links, soft/hard breaks	https://github.com/iamgio/quarkdown/tree/107ec3a9482f10d6f90d7580f8409b46a719d18e/quarkdown-core/src/main/kotlin/com/quarkdown/core/parser	Existing Markdown inline structure is represented and lowered.	Baseline Markdown; not a QD extension.	Existing inline AST/IR and output tests.	Rushdown is the Markdown substrate; QD calls use the established scribium-markdown boundary	Current source-span model; no new #154 span mapping	No new binding; #149/#165-#167 own callable conversion	Existing native/evaluator path; no new #154 code.	Existing semantic node or bounded Markdown semantic.	Existing backend-neutral IR.	Existing Typst lowering.	Existing component/Markdown tests and real Typst/PDF evidence.	No resource access added; #155 where applicable	No current caption producer/consumer	#153 owns global numbering policy; no local index represented	No current label/reference index	No new document-state or layout subsystem	Existing parser/evaluator diagnostics only	Unrepresented behavior remains unsupported; no silent fallback	Existing structured diagnostics only	Existing Rushdown parser/IR tests and real Typst/PDF output tests for the bounded Markdown inline contract.	SUPPORTED_END_TO_END	#56;#63	No #154-owned gap for the bounded CommonMark/GFM inline contract; callable content conversion remains in #149/#160.	Audit evidence only; implementation frozen until #156
owned	markdown:tables	none	Markdown baseline	GFM pipe tables with header/separator rows	https://github.com/iamgio/quarkdown/tree/107ec3a9482f10d6f90d7580f8409b46a719d18e/quarkdown-core/src/main/kotlin/com/quarkdown/core/parser	Existing Markdown tables are parsed and lowered.	GFM baseline; QD table functions are separate.	Existing Table AST/IR and output tests.	Rushdown is the Markdown substrate; QD calls use the established scribium-markdown boundary	Current source-span model; no new #154 span mapping	No new binding; #149/#165-#167 own callable conversion	Existing native/evaluator path; no new #154 code.	Existing semantic node or bounded Markdown semantic.	Existing backend-neutral IR.	Existing Typst lowering.	Existing component/Markdown tests and real Typst/PDF evidence.	No resource access added; #155 where applicable	No current caption producer/consumer	#153 owns global numbering policy; no local index represented	No current label/reference index	No new document-state or layout subsystem	Existing parser/evaluator diagnostics only	Unrepresented behavior remains unsupported; no silent fallback	Existing structured diagnostics only	Existing Rushdown table/IR tests and real Typst/PDF output tests for the bounded GFM table contract.	SUPPORTED_END_TO_END	#56;#63;#183	No #154-owned gap for the bounded GFM table contract; Quarkdown table producers, captions, and computation remain assigned to #183.	Audit evidence only; implementation frozen until #156
owned	markdown:code-fences	none	Markdown baseline	Fenced and indented code blocks	https://github.com/iamgio/quarkdown/tree/107ec3a9482f10d6f90d7580f8409b46a719d18e/quarkdown-core/src/main/kotlin/com/quarkdown/core/parser	Markdown code blocks preserve code text and fence information.	Fence language is baseline; caption/options are QD deltas.	Existing CodeBlock AST/IR and output tests.	Rushdown is the Markdown substrate; QD calls use the established scribium-markdown boundary	Current source-span model; no new #154 span mapping	No new binding; #149/#165-#167 own callable conversion	Existing native/evaluator path; no new #154 code.	Existing semantic node or bounded Markdown semantic.	Existing backend-neutral IR.	Existing Typst lowering.	Existing component/Markdown tests and real Typst/PDF evidence.	No resource access added; #155 where applicable	No current caption producer/consumer	#153 owns global numbering policy; no local index represented	No current label/reference index	No new document-state or layout subsystem	Existing parser/evaluator diagnostics only	Unrepresented behavior remains unsupported; no silent fallback	Existing structured diagnostics only	Existing Rushdown code-block/IR tests and real Typst/PDF output tests for the bounded Markdown fence contract.	SUPPORTED_END_TO_END	#56;#63;#185	No #154-owned gap for the bounded Markdown fence contract; Quarkdown .code presentation remains assigned to #185.	Audit evidence only; implementation frozen until #156
owned	markdown:links	none	Markdown baseline	Inline/reference links and autolinks	https://github.com/iamgio/quarkdown/tree/107ec3a9482f10d6f90d7580f8409b46a719d18e/quarkdown-core/src/main/kotlin/com/quarkdown/core/parser	Ordinary Markdown links are represented and lowered.	`.link` callable behavior is separate.	Existing link IR and output tests.	Rushdown is the Markdown substrate; QD calls use the established scribium-markdown boundary	Current source-span model; no new #154 span mapping	No new binding; #149/#165-#167 own callable conversion	Existing native/evaluator path; no new #154 code.	Existing semantic node or bounded Markdown semantic.	Existing backend-neutral IR.	Existing Typst lowering.	Existing component/Markdown tests and real Typst/PDF evidence.	No resource access added; #155 where applicable	No current caption producer/consumer	#153 owns global numbering policy; no local index represented	No current label/reference index	No new document-state or layout subsystem	Existing parser/evaluator diagnostics only	Unrepresented behavior remains unsupported; no silent fallback	Existing structured diagnostics only	Existing Rushdown link/IR tests and real Typst/PDF output tests for the bounded Markdown link contract.	SUPPORTED_END_TO_END	#56;#63	No #154-owned gap for the bounded Markdown link contract; callable URL/resource policy remains separate.	Audit evidence only; implementation frozen until #156
owned	markdown:images	none	Markdown baseline	Inline/reference image syntax with alt text and destination	https://github.com/iamgio/quarkdown/tree/107ec3a9482f10d6f90d7580f8409b46a719d18e/quarkdown-core/src/main/kotlin/com/quarkdown/core/parser	Local Markdown images use the current logical project/resource boundary.	Parsing is baseline; QD sizing/media/figure behavior is not implied.	Existing image IR/resource validation; #59/#102 history.	Rushdown is the Markdown substrate; QD calls use the established scribium-markdown boundary	Current source-span model; no new #154 span mapping	No new binding; #149/#165-#167 own callable conversion	No new #154 evaluator dispatch	Existing AST/semantic nodes only; no production semantic addition	Existing backend-neutral IR only; no new variant	Existing lowering only; no new backend lowering	No new Quarkdown-specific output equivalence evidence	No resource access added; #155 where applicable	No current caption producer/consumer	#153 owns global numbering policy; no local index represented	No current label/reference index	No new document-state or layout subsystem	Existing parser/evaluator diagnostics only	Unrepresented behavior remains unsupported; no silent fallback	Existing structured diagnostics only	Pinned source sweep plus current Scribium code/tests	PARTIAL	#182;#155	Local bounded images work; complete resource, URL, QD sizing, and media behavior remain open.	Audit evidence only; implementation frozen until #156
owned	markdown:footnotes	none	Markdown baseline	CommonMark/GFM footnote references and definitions where accepted by target	https://github.com/iamgio/quarkdown/tree/107ec3a9482f10d6f90d7580f8409b46a719d18e/quarkdown-core/src/main/kotlin/com/quarkdown/core/parser	No current Scribium footnote semantic representation.	QD compact forms are a separate extension.	Pinned AST sweep and current AST/IR inspection.	Rushdown is the Markdown substrate; QD calls use the established scribium-markdown boundary	Current source-span model; no new #154 span mapping	No new binding; #149/#165-#167 own callable conversion	No new #154 evaluator dispatch	Existing AST/semantic nodes only; no production semantic addition	Existing backend-neutral IR only; no new variant	Existing lowering only; no new backend lowering	No new Quarkdown-specific output equivalence evidence	No resource access added; #155 where applicable	No current caption producer/consumer	#153 owns global numbering policy; no local index represented	No current label/reference index	No new document-state or layout subsystem	Existing parser/evaluator diagnostics only	Unrepresented behavior remains unsupported; no silent fallback	Existing structured diagnostics only	Pinned source sweep plus current Scribium code/tests	UNSUPPORTED	#181;#156	No footnote definition/reference/index/numbering/output model exists; #181 owns the structural reference boundary.	Audit evidence only; implementation frozen until #156
owned	markdown:raw-html	none	Markdown baseline	Raw HTML blocks/inlines and comments	https://github.com/iamgio/quarkdown/tree/107ec3a9482f10d6f90d7580f8409b46a719d18e/quarkdown-core/src/main/kotlin/com/quarkdown/core/parser	Markdown mode has bounded raw-HTML policy; QD mode fails closed.	Raw HTML is an escape hatch, not automatically QD semantic support.	Raw HTML policy and ast_to_ir.rs tests.	Rushdown is the Markdown substrate; QD calls use the established scribium-markdown boundary	Current source-span model; no new #154 span mapping	No new binding; #149/#165-#167 own callable conversion	No new #154 evaluator dispatch	Existing AST/semantic nodes only; no production semantic addition	Existing backend-neutral IR only; no new variant	Existing lowering only; no new backend lowering	No new Quarkdown-specific output equivalence evidence	No resource access added; #155 where applicable	No current caption producer/consumer	#153 owns global numbering policy; no local index represented	No current label/reference index	No new document-state or layout subsystem	Existing parser/evaluator diagnostics only	Unrepresented behavior remains unsupported; no silent fallback	Existing structured diagnostics only	Pinned source sweep plus current Scribium code/tests	PARTIAL	#58;#181;#156	Bounded Markdown raw HTML is retained under the existing policy, but Quarkdown raw HTML and target output fidelity are not established.	Audit evidence only; implementation frozen until #156
owned	markdown:attributes	none	Markdown baseline	Inline/block metadata and attribute lists	https://github.com/iamgio/quarkdown/tree/107ec3a9482f10d6f90d7580f8409b46a719d18e/quarkdown-core/src/main/kotlin/com/quarkdown/core/parser	No general attribute map is exposed by current AST/IR.	Parser retention is not semantic support.	Current AST/IR inspection; #157 boundary.	Rushdown is the Markdown substrate; QD calls use the established scribium-markdown boundary	Current source-span model; no new #154 span mapping	No new binding; #149/#165-#167 own callable conversion	No new #154 evaluator dispatch	Existing AST/semantic nodes only; no production semantic addition	Existing backend-neutral IR only; no new variant	Existing lowering only; no new backend lowering	No new Quarkdown-specific output equivalence evidence	No resource access added; #155 where applicable	No current caption producer/consumer	#153 owns global numbering policy; no local index represented	No current label/reference index	No new document-state or layout subsystem	Existing parser/evaluator diagnostics only	Unrepresented behavior remains unsupported; no silent fallback	Existing structured diagnostics only	Pinned source sweep plus current Scribium code/tests	PARSED_ONLY	#157;#181;#156	Rushdown preserves the source form, but no lossless generic metadata/attribute map or owner-specific semantics exists.	Audit evidence only; implementation frozen until #156
owned	syntax:qd-image-size	none	Quarkdown extension	`!(WIDTHxHEIGHT)[ALT](URL)` plus width-only/auto forms	https://github.com/iamgio/quarkdown/blob/107ec3a9482f10d6f90d7580f8409b46a719d18e/quarkdown-core/src/main/kotlin/com/quarkdown/core/lexer/patterns	Pinned lexer/image sweep identifies QD size syntax.	Image syntax is Markdown-like; size semantics are QD.	No current QD image-size path.	Rushdown is the Markdown substrate; QD calls use the established scribium-markdown boundary	Current source-span model; no new #154 span mapping	No new binding; #149/#165-#167 own callable conversion	No new #154 evaluator dispatch	Existing AST/semantic nodes only; no production semantic addition	Existing backend-neutral IR only; no new variant	Existing lowering only; no new backend lowering	No new Quarkdown-specific output equivalence evidence	No resource access added; #155 where applicable	No current caption producer/consumer	#153 owns global numbering policy; no local index represented	No current label/reference index	No new document-state or layout subsystem	Existing parser/evaluator diagnostics only	Unrepresented behavior remains unsupported; no silent fallback	Existing structured diagnostics only	Pinned source sweep plus current Scribium code/tests	UNSUPPORTED	#182	No size grammar, typed dimensions, resource lookup, or output fidelity.	Audit evidence only; implementation frozen until #156
owned	syntax:qd-inline-math	none	Quarkdown extension	`$ expression $` inline math	https://github.com/iamgio/quarkdown/blob/107ec3a9482f10d6f90d7580f8409b46a719d18e/quarkdown-core/src/main/kotlin/com/quarkdown/core/lexer/patterns	Pinned lexer distinguishes inline math.	Dollar-delimited math is a QD/renderer extension.	No current QD math parse path.	Rushdown is the Markdown substrate; QD calls use the established scribium-markdown boundary	Current source-span model; no new #154 span mapping	No new binding; #149/#165-#167 own callable conversion	No new #154 evaluator dispatch	Existing AST/semantic nodes only; no production semantic addition	Existing backend-neutral IR only; no new variant	Existing lowering only; no new backend lowering	No new Quarkdown-specific output equivalence evidence	No resource access added; #155 where applicable	No current caption producer/consumer	#153 owns global numbering policy; no local index represented	No current label/reference index	No new document-state or layout subsystem	Existing parser/evaluator diagnostics only	Unrepresented behavior remains unsupported; no silent fallback	Existing structured diagnostics only	Pinned source sweep plus current Scribium code/tests	UNSUPPORTED	#185;#180;#156	No inline math parser/semantic node, .texmacro consumer, or output contract exists; #185 owns the producer and #180 owns macro state.	Audit evidence only; implementation frozen until #156
owned	syntax:qd-display-math	none	Quarkdown extension	`$$$ ... $$$` and spaced one-line math with optional `{#id}`	https://github.com/iamgio/quarkdown/blob/107ec3a9482f10d6f90d7580f8409b46a719d18e/quarkdown-core/src/main/kotlin/com/quarkdown/core/lexer/patterns	Pinned lexer distinguishes multiline/display math.	Delimiter, block choice, numbering, and refs are QD semantics.	No current QD display-math path.	Rushdown is the Markdown substrate; QD calls use the established scribium-markdown boundary	Current source-span model; no new #154 span mapping	No new binding; #149/#165-#167 own callable conversion	No new #154 evaluator dispatch	Existing AST/semantic nodes only; no production semantic addition	Existing backend-neutral IR only; no new variant	Existing lowering only; no new backend lowering	No new Quarkdown-specific output equivalence evidence	No resource access added; #155 where applicable	No current caption producer/consumer	#153 owns global numbering policy; no local index represented	No current label/reference index	No new document-state or layout subsystem	Existing parser/evaluator diagnostics only	Unrepresented behavior remains unsupported; no silent fallback	Existing structured diagnostics only	Pinned source sweep plus current Scribium code/tests	UNSUPPORTED	#185;#180;#156	No display math grammar, identifier/numbering contract, .texmacro consumer, or output contract exists; #185 owns the producer and #180 owns macro state.	Audit evidence only; implementation frozen until #156
owned	syntax:qd-pagebreak	none	Quarkdown extension	Isolated line of three or more `<` characters	https://github.com/iamgio/quarkdown/blob/107ec3a9482f10d6f90d7580f8409b46a719d18e/quarkdown-core/src/main/kotlin/com/quarkdown/core/lexer/patterns/QuarkdownBlockTokenRegexPatterns.kt	Pinned lexer emits explicit PageBreak token.	Not CommonMark/GFM; explicit QD break.	No current QD pagebreak path.	Rushdown is the Markdown substrate; QD calls use the established scribium-markdown boundary	Current source-span model; no new #154 span mapping	No new binding; #149/#165-#167 own callable conversion	No new #154 evaluator dispatch	Existing AST/semantic nodes only; no production semantic addition	Existing backend-neutral IR only; no new variant	Existing lowering only; no new backend lowering	No new Quarkdown-specific output equivalence evidence	No resource access added; #155 where applicable	No current caption producer/consumer	#153 owns global numbering policy; no local index represented	No current label/reference index	No new document-state or layout subsystem	Existing parser/evaluator diagnostics only	Unrepresented behavior remains unsupported; no silent fallback	Existing structured diagnostics only	Pinned source sweep plus current Scribium code/tests	UNSUPPORTED	#185;#156	No explicit page-break syntax, semantic node, IR, or backend behavior exists; #185 owns the producer.	Audit evidence only; implementation frozen until #156
owned	syntax:qd-custom-id	none	Quarkdown extension	`{#id}` on headings, figures, tables, code, math, images, and related nodes	https://github.com/iamgio/quarkdown/blob/107ec3a9482f10d6f90d7580f8409b46a719d18e/quarkdown-core/src/main/kotlin/com/quarkdown/core/parser/PatternHelpers.kt	Pinned parser attaches custom IDs to multiple node forms.	ID grammar and cross-node anchor semantics are QD.	No current cross-node identifier representation.	Rushdown is the Markdown substrate; QD calls use the established scribium-markdown boundary	Current source-span model; no new #154 span mapping	No new binding; #149/#165-#167 own callable conversion	No new #154 evaluator dispatch	Existing AST/semantic nodes only; no production semantic addition	Existing backend-neutral IR only; no new variant	Existing lowering only; no new backend lowering	No new Quarkdown-specific output equivalence evidence	No resource access added; #155 where applicable	No current caption producer/consumer	#153 owns global numbering policy; no local index represented	No current label/reference index	No new document-state or layout subsystem	Existing parser/evaluator diagnostics only	Unrepresented behavior remains unsupported; no silent fallback	Existing structured diagnostics only	Pinned source sweep plus current Scribium code/tests	UNSUPPORTED	#181;#157;#156	No identifier field, uniqueness policy, index, or anchor output exists; #181 owns the structural identifier boundary.	Audit evidence only; implementation frozen until #156
owned	syntax:qd-caption-delimiter	none	Quarkdown extension	Caption line immediately after a table delimited by quote or parentheses	https://github.com/iamgio/quarkdown/tree/107ec3a9482f10d6f90d7580f8409b46a719d18e/quarkdown-core/src/main/kotlin/com/quarkdown/core/parser	Pinned parser recognizes table caption placement/delimiters.	QD adjacency/delimiter rule layers over Markdown table.	No current table caption field.	Rushdown is the Markdown substrate; QD calls use the established scribium-markdown boundary	Current source-span model; no new #154 span mapping	No new binding; #149/#165-#167 own callable conversion	No new #154 evaluator dispatch	Existing AST/semantic nodes only; no production semantic addition	Existing backend-neutral IR only; no new variant	Existing lowering only; no new backend lowering	No new Quarkdown-specific output equivalence evidence	No resource access added; #155 where applicable	No current caption producer/consumer	#153 owns global numbering policy; no local index represented	No current label/reference index	No new document-state or layout subsystem	Existing parser/evaluator diagnostics only	Unrepresented behavior remains unsupported; no silent fallback	Existing structured diagnostics only	Pinned source sweep plus current Scribium code/tests	UNSUPPORTED	#181;#156	No caption association, placement, numbering, reference, or output contract exists; #181 owns shared caption infrastructure.	Audit evidence only; implementation frozen until #156
owned	syntax:qd-code-caption	none	Quarkdown extension	Fenced code caption and `.code caption:{...}`	https://github.com/iamgio/quarkdown/blob/107ec3a9482f10d6f90d7580f8409b46a719d18e/quarkdown-stdlib/src/main/kotlin/com/quarkdown/stdlib/Primitives.kt	Pinned `.code` accepts caption and presentation options.	Fence language is baseline; caption/options are QD.	Existing CodeBlock only.	Rushdown is the Markdown substrate; QD calls use the established scribium-markdown boundary	Current source-span model; no new #154 span mapping	No new binding; #149/#165-#167 own callable conversion	No new #154 evaluator dispatch	Existing AST/semantic nodes only; no production semantic addition	Existing backend-neutral IR only; no new variant	Existing lowering only; no new backend lowering	No new Quarkdown-specific output equivalence evidence	No resource access added; #155 where applicable	No current caption producer/consumer	#153 owns global numbering policy; no local index represented	No current label/reference index	No new document-state or layout subsystem	Existing parser/evaluator diagnostics only	Unrepresented behavior remains unsupported; no silent fallback	Existing structured diagnostics only	Pinned source sweep plus current Scribium code/tests	PARTIAL	#185;#181;#156	Markdown code works, but callable caption/options/focus/reference/body conversion remains unsupported; #185 owns the code producer and #181 the shared caption/reference boundary.	Audit evidence only; implementation frozen until #156
owned	syntax:qd-compact-footnotes	none	Quarkdown extension	`[^label: definition]` and `[^: definition]`	https://github.com/iamgio/quarkdown/blob/107ec3a9482f10d6f90d7580f8409b46a719d18e/quarkdown-core/src/main/kotlin/com/quarkdown/core/lexer	Pinned parser supports compact and anonymous forms.	Compact definition syntax is QD-specific.	No current footnote model.	Rushdown is the Markdown substrate; QD calls use the established scribium-markdown boundary	Current source-span model; no new #154 span mapping	No new binding; #149/#165-#167 own callable conversion	No new #154 evaluator dispatch	Existing AST/semantic nodes only; no production semantic addition	Existing backend-neutral IR only; no new variant	Existing lowering only; no new backend lowering	No new Quarkdown-specific output equivalence evidence	No resource access added; #155 where applicable	No current caption producer/consumer	#153 owns global numbering policy; no local index represented	No current label/reference index	No new document-state or layout subsystem	Existing parser/evaluator diagnostics only	Unrepresented behavior remains unsupported; no silent fallback	Existing structured diagnostics only	Pinned source sweep plus current Scribium code/tests	UNSUPPORTED	#181;#156	No compact/anonymous footnote parse, index, numbering, or output contract exists; #181 owns the structural reference boundary.	Audit evidence only; implementation frozen until #156
owned	syntax:qd-cross-reference	none	Quarkdown extension	`.ref {id}` and identifier-bearing references	https://github.com/iamgio/quarkdown/blob/107ec3a9482f10d6f90d7580f8409b46a719d18e/quarkdown-stdlib/src/main/kotlin/com/quarkdown/stdlib/Reference.kt	Pinned `.ref` produces CrossReference.	Reference syntax/resolution is QD, not an ordinary Markdown link.	No current `.ref` dispatch/index.	Rushdown is the Markdown substrate; QD calls use the established scribium-markdown boundary	Current source-span model; no new #154 span mapping	No new binding; #149/#165-#167 own callable conversion	No new #154 evaluator dispatch	Existing AST/semantic nodes only; no production semantic addition	Existing backend-neutral IR only; no new variant	Existing lowering only; no new backend lowering	No new Quarkdown-specific output equivalence evidence	No resource access added; #155 where applicable	No current caption producer/consumer	#153 owns global numbering policy; no local index represented	No current label/reference index	No new document-state or layout subsystem	Existing parser/evaluator diagnostics only	Unrepresented behavior remains unsupported; no silent fallback	Existing structured diagnostics only	Pinned source sweep plus current Scribium code/tests	UNSUPPORTED	#181;#156	No producer/consumer index, generated reference text, unresolved diagnostic, or output contract exists; #181 owns the shared reference boundary.	Audit evidence only; implementation frozen until #156
owned	syntax:qd-callouts	none	Quarkdown extension	Callout/admonition and typed box-like forms found in pinned parser/public surface	https://github.com/iamgio/quarkdown/blob/107ec3a9482f10d6f90d7580f8409b46a719d18e/quarkdown-stdlib/src/main/kotlin/com/quarkdown/stdlib/Layout.kt	Pinned box/callout content is distinct from blockquote.	Type/title/style/localization are QD semantics.	Existing Blockquote only.	Rushdown is the Markdown substrate; QD calls use the established scribium-markdown boundary	Current source-span model; no new #154 span mapping	No new binding; #149/#165-#167 own callable conversion	No new #154 evaluator dispatch	Existing AST/semantic nodes only; no production semantic addition	Existing backend-neutral IR only; no new variant	Existing lowering only; no new backend lowering	No new Quarkdown-specific output equivalence evidence	No resource access added; #155 where applicable	No current caption producer/consumer	#153 owns global numbering policy; no local index represented	No current label/reference index	No new document-state or layout subsystem	Existing parser/evaluator diagnostics only	Unrepresented behavior remains unsupported; no silent fallback	Existing structured diagnostics only	Pinned source sweep plus current Scribium code/tests	PARTIAL	#181;#156	Blockquotes are retained, but typed callout/admonition/box semantics and output are not represented; #181 owns the structural callout boundary.	Audit evidence only; implementation frozen until #156
owned	primitive:heading	none	content primitive	heading(content: InlineMarkdownContent, depth: Int, ref: String? = null, numbered: Boolean = true, indexed: Boolean = true, breakpage: Boolean = true, style: StyleOptions = DEFAULT) -> NodeValue	https://github.com/iamgio/quarkdown/blob/107ec3a9482f10d6f90d7580f8409b46a719d18e/quarkdown-stdlib/src/main/kotlin/com/quarkdown/stdlib/Primitives.kt	Creates a heading with local numbering/index/ref/page options.	Markdown heading is baseline.	Callable options and derived consumers are QD.	Rushdown is the Markdown substrate; QD calls use the established scribium-markdown boundary	Current source-span model; no new #154 span mapping	No new binding; #149/#165-#167 own callable conversion	No new #154 evaluator dispatch	Existing AST/semantic nodes only; no production semantic addition	Existing backend-neutral IR only; no new variant	Existing lowering only; no new backend lowering	No new Quarkdown-specific output equivalence evidence	No resource access added; #155 where applicable	No current caption producer/consumer	#153 owns global numbering policy; no local index represented	No current label/reference index	No new document-state or layout subsystem	Existing parser/evaluator diagnostics only	Unrepresented behavior remains unsupported; no silent fallback	Existing structured diagnostics only	Pinned source sweep plus current Scribium code/tests	PARTIAL	#181;#177;#156	Markdown headings work, but callable body/options, IDs, numbering/index traversal, and page policy remain incomplete; #181 owns structural content and #153 owns global policy.	Audit evidence only; implementation frozen until #156
owned	primitive:paragraph	none	content primitive	paragraph(content: InlineMarkdownContent, style: StyleOptions = DEFAULT) -> NodeValue	https://github.com/iamgio/quarkdown/blob/107ec3a9482f10d6f90d7580f8409b46a719d18e/quarkdown-stdlib/src/main/kotlin/com/quarkdown/stdlib/Primitives.kt	Creates paragraph content with style.	Markdown paragraph is baseline.	Callable body/style are QD.	Rushdown is the Markdown substrate; QD calls use the established scribium-markdown boundary	Current source-span model; no new #154 span mapping	No new binding; #149/#165-#167 own callable conversion	No new #154 evaluator dispatch	Existing AST/semantic nodes only; no production semantic addition	Existing backend-neutral IR only; no new variant	Existing lowering only; no new backend lowering	No new Quarkdown-specific output equivalence evidence	No resource access added; #155 where applicable	No current caption producer/consumer	#153 owns global numbering policy; no local index represented	No current label/reference index	No new document-state or layout subsystem	Existing parser/evaluator diagnostics only	Unrepresented behavior remains unsupported; no silent fallback	Existing structured diagnostics only	Pinned source sweep plus current Scribium code/tests	PARTIAL	#181;#160;#165-#167;#156	Markdown paragraphs work, but callable body conversion/style spread remains incomplete; #181 owns structural content and #160/#165-#167 own prerequisites.	Audit evidence only; implementation frozen until #156
owned	primitive:link	none	content primitive	link(context[injected], content: InlineMarkdownContent, url: String, title: InlineMarkdownContent? = null, style: StyleOptions = DEFAULT) -> NodeValue	https://github.com/iamgio/quarkdown/blob/107ec3a9482f10d6f90d7580f8409b46a719d18e/quarkdown-stdlib/src/main/kotlin/com/quarkdown/stdlib/Primitives.kt	Creates a project-aware link.	Markdown link is baseline.	Callable link/title/style are QD.	Rushdown is the Markdown substrate; QD calls use the established scribium-markdown boundary	Current source-span model; no new #154 span mapping	No new binding; #149/#165-#167 own callable conversion	No new #154 evaluator dispatch	Existing AST/semantic nodes only; no production semantic addition	Existing backend-neutral IR only; no new variant	Existing lowering only; no new backend lowering	No new Quarkdown-specific output equivalence evidence	No resource access added; #155 where applicable	No current caption producer/consumer	#153 owns global numbering policy; no local index represented	No current label/reference index	No new document-state or layout subsystem	Existing parser/evaluator diagnostics only	Unrepresented behavior remains unsupported; no silent fallback	Existing structured diagnostics only	Pinned source sweep plus current Scribium code/tests	PARTIAL	#181;#155;#149;#156	Markdown links work, but callable conversion, URL/resource policy, and style remain incomplete; #181 owns structural content and #155/#149 own dependencies.	Audit evidence only; implementation frozen until #156
owned	primitive:image	none	media/content primitive	image(context[injected], url: String, label: InlineMarkdownContent, title: InlineMarkdownContent? = null, width: Size? = null, height: Size? = null, ref: String? = null, figure: Boolean = true, mediastorage: Boolean = true) -> NodeValue	https://github.com/iamgio/quarkdown/blob/107ec3a9482f10d6f90d7580f8409b46a719d18e/quarkdown-stdlib/src/main/kotlin/com/quarkdown/stdlib/Primitives.kt	Creates sized image, optional figure, label, ref, and media-storage content.	Markdown image parsing is baseline.	Sizing, media storage, figure/ref, and resource behavior are QD.	Rushdown is the Markdown substrate; QD calls use the established scribium-markdown boundary	Current source-span model; no new #154 span mapping	No new binding; #149/#165-#167 own callable conversion	No new #154 evaluator dispatch	Existing AST/semantic nodes only; no production semantic addition	Existing backend-neutral IR only; no new variant	Existing lowering only; no new backend lowering	No new Quarkdown-specific output equivalence evidence	No resource access added; #155 where applicable	No current caption producer/consumer	#153 owns global numbering policy; no local index represented	No current label/reference index	No new document-state or layout subsystem	Existing parser/evaluator diagnostics only	Unrepresented behavior remains unsupported; no silent fallback	Existing structured diagnostics only	Pinned source sweep plus current Scribium code/tests	PARTIAL	#182;#155;#156	Bounded local Markdown image behavior exists, but Quarkdown sizing/media/figure/reference/error/output parity remains open; #182 owns the producer and #155 resources.	Audit evidence only; implementation frozen until #156
owned	primitive:figure	none	content primitive	figure(caption: InlineMarkdownContent? = null, ref: String? = null, body: MarkdownContent) -> NodeValue	https://github.com/iamgio/quarkdown/blob/107ec3a9482f10d6f90d7580f8409b46a719d18e/quarkdown-stdlib/src/main/kotlin/com/quarkdown/stdlib/Primitives.kt	Wraps content in a captioned/referenceable figure.	No ordinary Markdown figure semantic is claimed.	Figure/caption/numbering/ref are QD.	Rushdown is the Markdown substrate; QD calls use the established scribium-markdown boundary	Current source-span model; no new #154 span mapping	No new binding; #149/#165-#167 own callable conversion	No new #154 evaluator dispatch	Existing AST/semantic nodes only; no production semantic addition	Existing backend-neutral IR only; no new variant	Existing lowering only; no new backend lowering	No new Quarkdown-specific output equivalence evidence	No resource access added; #155 where applicable	Consumes #153 captionposition; producer is #154.	#153 owns global numbering policy; no local index represented	`ref` producer/consumer belongs #181.	No new document-state or layout subsystem	Existing parser/evaluator diagnostics only	Unrepresented behavior remains unsupported; no silent fallback	Existing structured diagnostics only	Pinned source sweep plus current Scribium code/tests	UNSUPPORTED	#181;#156	No figure node/caption association, numbering/reference traversal, or backend output exists; #181 owns the structural producer and shared index boundary.	Audit evidence only; implementation frozen until #156
owned	primitive:pagebreak	pageBreak	content primitive	pagebreak() -> PageBreak node	https://github.com/iamgio/quarkdown/blob/107ec3a9482f10d6f90d7580f8409b46a719d18e/quarkdown-stdlib/src/main/kotlin/com/quarkdown/stdlib/Primitives.kt	Emits an explicit page break.	No Markdown equivalent.	Explicit QD content break; automatic page policy is #153.	Rushdown is the Markdown substrate; QD calls use the established scribium-markdown boundary	Current source-span model; no new #154 span mapping	No new binding; #149/#165-#167 own callable conversion	No new #154 evaluator dispatch	Existing AST/semantic nodes only; no production semantic addition	Existing backend-neutral IR only; no new variant	Existing lowering only; no new backend lowering	No new Quarkdown-specific output equivalence evidence	No resource access added; #155 where applicable	No current caption producer/consumer	#153 owns global numbering policy; no local index represented	No current label/reference index	No new document-state or layout subsystem	Existing parser/evaluator diagnostics only	Unrepresented behavior remains unsupported; no silent fallback	Existing structured diagnostics only	Pinned source sweep plus current Scribium code/tests	UNSUPPORTED	#185;#156	No explicit break syntax, semantic node, IR, or backend behavior exists; #185 owns explicit breaks while #153 owns automatic page-break policy.	Audit evidence only; implementation frozen until #156
owned	primitive:code	none	code presentation	code(lang: String? = null, caption: InlineMarkdownContent? = null, linenumbers: Boolean = true, focus: Range? = null, ref: String? = null, code: EvaluableString) -> NodeValue	https://github.com/iamgio/quarkdown/blob/107ec3a9482f10d6f90d7580f8409b46a719d18e/quarkdown-stdlib/src/main/kotlin/com/quarkdown/stdlib/Primitives.kt	Evaluates and presents code with QD options.	Markdown fences are baseline.	Callable body/presentation/caption/ref are QD.	Rushdown is the Markdown substrate; QD calls use the established scribium-markdown boundary	Current source-span model; no new #154 span mapping	No new binding; #149/#165-#167 own callable conversion	No new #154 evaluator dispatch	Existing AST/semantic nodes only; no production semantic addition	Existing backend-neutral IR only; no new variant	Existing lowering only; no new backend lowering	No new Quarkdown-specific output equivalence evidence	No resource access added; #155 where applicable	Consumes #153 captionposition; produces #154 code caption.	#153 owns global numbering policy; no local index represented	`ref` requires #181 index.	No new document-state or layout subsystem	Existing parser/evaluator diagnostics only	Unrepresented behavior remains unsupported; no silent fallback	Existing structured diagnostics only	Pinned source sweep plus current Scribium code/tests	PARTIAL	#185 (producer);#181 (shared caption/reference/index);#145;#149;#166-#167	Markdown code output exists, but callable raw-body/options/caption/reference/output parity is not represented; #185 owns the producer and #181 the shared caption/reference boundary.	Audit evidence only; implementation frozen until #156
owned	primitive:math	none	math/content primitive	math(call[injected], content: EvaluableString, block: Boolean? = null, ref: String? = null, style: StyleOptions = DEFAULT) -> NodeValue	https://github.com/iamgio/quarkdown/blob/107ec3a9482f10d6f90d7580f8409b46a719d18e/quarkdown-stdlib/src/main/kotlin/com/quarkdown/stdlib/Primitives.kt	Emits inline/block math from evaluated source.	No Markdown math support is promoted.	Math/block/ref/style and macro consumption are QD.	Rushdown is the Markdown substrate; QD calls use the established scribium-markdown boundary	Current source-span model; no new #154 span mapping	No new binding; #149/#165-#167 own callable conversion	No new #154 evaluator dispatch	Existing AST/semantic nodes only; no production semantic addition	Existing backend-neutral IR only; no new variant	Existing lowering only; no new backend lowering	No new Quarkdown-specific output equivalence evidence	No resource access added; #155 where applicable	No current caption producer/consumer	Equation numbering policy is #153; consumer is #154.	Math `ref` requires #181 index.	No new document-state or layout subsystem	Existing parser/evaluator diagnostics only	Unrepresented behavior remains unsupported; no silent fallback	Existing structured diagnostics only	Pinned source sweep plus current Scribium code/tests	UNSUPPORTED	#185 (producer);#181 (shared caption/reference/index);#180;#149;#166-#167	No Quarkdown math parser/evaluator/IR/output exists; #185 owns the producer, #181 the shared caption/reference boundary, and #180 .texmacro state.	Audit evidence only; implementation frozen until #156
owned	primitive:table	none	table/content primitive	table(caption: InlineMarkdownContent? = null, ref: String? = null, header: MarkdownContent, body: MarkdownContent) -> NodeValue	https://github.com/iamgio/quarkdown/blob/107ec3a9482f10d6f90d7580f8409b46a719d18e/quarkdown-stdlib/src/main/kotlin/com/quarkdown/stdlib/Layout.kt	Creates table content with caption/ref.	GFM table is baseline.	Callable table/caption/ref are QD.	Rushdown is the Markdown substrate; QD calls use the established scribium-markdown boundary	Current source-span model; no new #154 span mapping	No new binding; #149/#165-#167 own callable conversion	No new #154 evaluator dispatch	Existing AST/semantic nodes only; no production semantic addition	Existing backend-neutral IR only; no new variant	Existing lowering only; no new backend lowering	No new Quarkdown-specific output equivalence evidence	No resource access added; #155 where applicable	Consumes #153 captionposition; producer is #154.	Consumes #153 numbering; table index is #154.	`ref` uses #181 index.	No new document-state or layout subsystem	Existing parser/evaluator diagnostics only	Unrepresented behavior remains unsupported; no silent fallback	Existing structured diagnostics only	Pinned source sweep plus current Scribium code/tests	PARTIAL	#183 (producer);#181 (shared caption/reference/index);#145;#156	Markdown tables work, but callable bodies, captions, labels, numbering, and output parity remain open; #183 owns the table producer and #181 shared infrastructure.	Audit evidence only; implementation frozen until #156
owned	primitive:table-sort	tablesort	table computation	tablesort(column: Int, order: Ordering = ASCENDING, table: MarkdownContent) -> NodeValue	https://github.com/iamgio/quarkdown/blob/107ec3a9482f10d6f90d7580f8409b46a719d18e/quarkdown-stdlib/src/main/kotlin/com/quarkdown/stdlib/TableComputation.kt	Sorts table rows by a column.	Markdown table is input baseline.	Traversal, ordering, conversion, and reconstruction are QD.	Rushdown is the Markdown substrate; QD calls use the established scribium-markdown boundary	Current source-span model; no new #154 span mapping	No new binding; #149/#165-#167 own callable conversion	No new #154 evaluator dispatch	Existing AST/semantic nodes only; no production semantic addition	Existing backend-neutral IR only; no new variant	Existing lowering only; no new backend lowering	No new Quarkdown-specific output equivalence evidence	No resource access added; #155 where applicable	No current caption producer/consumer	#153 owns global numbering policy; no local index represented	No current label/reference index	No new document-state or layout subsystem	Existing parser/evaluator diagnostics only	Unrepresented behavior remains unsupported; no silent fallback	Existing structured diagnostics only	Pinned source sweep plus current Scribium code/tests	UNSUPPORTED	#183;#149;#166-#167;#156	No table traversal/computation evaluator or reconstructed table IR exists; #183 owns the table operation and #149/#166-#167 prerequisites.	Audit evidence only; implementation frozen until #156
owned	primitive:table-filter	tablefilter	table computation	tablefilter(column: Int, filter: Lambda, table: MarkdownContent) -> NodeValue	https://github.com/iamgio/quarkdown/blob/107ec3a9482f10d6f90d7580f8409b46a719d18e/quarkdown-stdlib/src/main/kotlin/com/quarkdown/stdlib/TableComputation.kt	Filters table rows by a callback.	Markdown table is input baseline.	Lambda/table reconstruction are QD.	Rushdown is the Markdown substrate; QD calls use the established scribium-markdown boundary	Current source-span model; no new #154 span mapping	No new binding; #149/#165-#167 own callable conversion	No new #154 evaluator dispatch	Existing AST/semantic nodes only; no production semantic addition	Existing backend-neutral IR only; no new variant	Existing lowering only; no new backend lowering	No new Quarkdown-specific output equivalence evidence	No resource access added; #155 where applicable	No current caption producer/consumer	#153 owns global numbering policy; no local index represented	No current label/reference index	No new document-state or layout subsystem	Existing parser/evaluator diagnostics only	Unrepresented behavior remains unsupported; no silent fallback	Existing structured diagnostics only	Pinned source sweep plus current Scribium code/tests	UNSUPPORTED	#183;#149;#165-#167;#156	No callback-driven row filtering or reconstructed output exists; #183 owns the table operation and #149/#165-#167 prerequisites.	Audit evidence only; implementation frozen until #156
owned	primitive:table-compute	tablecompute	table computation	tablecompute(column: Int, compute: Lambda, table: MarkdownContent) -> NodeValue	https://github.com/iamgio/quarkdown/blob/107ec3a9482f10d6f90d7580f8409b46a719d18e/quarkdown-stdlib/src/main/kotlin/com/quarkdown/stdlib/TableComputation.kt	Computes/appends a column from callback values.	Markdown table is input baseline.	Callback conversion and mutation are QD.	Rushdown is the Markdown substrate; QD calls use the established scribium-markdown boundary	Current source-span model; no new #154 span mapping	No new binding; #149/#165-#167 own callable conversion	No new #154 evaluator dispatch	Existing AST/semantic nodes only; no production semantic addition	Existing backend-neutral IR only; no new variant	Existing lowering only; no new backend lowering	No new Quarkdown-specific output equivalence evidence	No resource access added; #155 where applicable	No current caption producer/consumer	#153 owns global numbering policy; no local index represented	No current label/reference index	No new document-state or layout subsystem	Existing parser/evaluator diagnostics only	Unrepresented behavior remains unsupported; no silent fallback	Existing structured diagnostics only	Pinned source sweep plus current Scribium code/tests	UNSUPPORTED	#183;#149;#166-#167;#156	No callback-driven computed-column semantics or output exists; #183 owns the table operation and #149/#166-#167 prerequisites.	Audit evidence only; implementation frozen until #156
owned	primitive:table-column	tablecolumn	table computation	tablecolumn(column: Int, of: MarkdownContent) -> IterableValue<OutputValue>	https://github.com/iamgio/quarkdown/blob/107ec3a9482f10d6f90d7580f8409b46a719d18e/quarkdown-stdlib/src/main/kotlin/com/quarkdown/stdlib/TableComputation.kt	Extracts one table column.	Markdown table is input baseline.	QD traversal/value conversion is extension.	Rushdown is the Markdown substrate; QD calls use the established scribium-markdown boundary	Current source-span model; no new #154 span mapping	No new binding; #149/#165-#167 own callable conversion	No new #154 evaluator dispatch	Existing AST/semantic nodes only; no production semantic addition	Existing backend-neutral IR only; no new variant	Existing lowering only; no new backend lowering	No new Quarkdown-specific output equivalence evidence	No resource access added; #155 where applicable	No current caption producer/consumer	#153 owns global numbering policy; no local index represented	No current label/reference index	No new document-state or layout subsystem	Existing parser/evaluator diagnostics only	Unrepresented behavior remains unsupported; no silent fallback	Existing structured diagnostics only	Pinned source sweep plus current Scribium code/tests	UNSUPPORTED	#183;#149;#156	No table-column extraction or typed collection result exists; #183 owns the table operation and #149 owns conversion.	Audit evidence only; implementation frozen until #156
owned	primitive:table-columns	tablecolumns	table computation	tablecolumns(of: MarkdownContent) -> IterableValue<IterableValue<OutputValue>>	https://github.com/iamgio/quarkdown/blob/107ec3a9482f10d6f90d7580f8409b46a719d18e/quarkdown-stdlib/src/main/kotlin/com/quarkdown/stdlib/TableComputation.kt	Extracts all table columns.	Markdown table is input baseline.	QD traversal/nested conversion is extension.	Rushdown is the Markdown substrate; QD calls use the established scribium-markdown boundary	Current source-span model; no new #154 span mapping	No new binding; #149/#165-#167 own callable conversion	No new #154 evaluator dispatch	Existing AST/semantic nodes only; no production semantic addition	Existing backend-neutral IR only; no new variant	Existing lowering only; no new backend lowering	No new Quarkdown-specific output equivalence evidence	No resource access added; #155 where applicable	No current caption producer/consumer	#153 owns global numbering policy; no local index represented	No current label/reference index	No new document-state or layout subsystem	Existing parser/evaluator diagnostics only	Unrepresented behavior remains unsupported; no silent fallback	Existing structured diagnostics only	Pinned source sweep plus current Scribium code/tests	UNSUPPORTED	#183;#149;#156	No grouped column extraction or nested collection result exists; #183 owns the table operation and #149 owns conversion.	Audit evidence only; implementation frozen until #156
owned	primitive:table-by-rows	tablebyrows	table generation	tablebyrows(headers: List<OutputValue> = [], rows: List<IterableValue<OutputValue>>) -> NodeValue	https://github.com/iamgio/quarkdown/blob/107ec3a9482f10d6f90d7580f8409b46a719d18e/quarkdown-stdlib/src/main/kotlin/com/quarkdown/stdlib/TableComputation.kt	Generates table from row values and optional headers.	Not Markdown syntax; output resembles Markdown table.	Value conversion and generated shape are QD.	Rushdown is the Markdown substrate; QD calls use the established scribium-markdown boundary	Current source-span model; no new #154 span mapping	No new binding; #149/#165-#167 own callable conversion	No new #154 evaluator dispatch	Existing AST/semantic nodes only; no production semantic addition	Existing backend-neutral IR only; no new variant	Existing lowering only; no new backend lowering	No new Quarkdown-specific output equivalence evidence	No resource access added; #155 where applicable	No current caption producer/consumer	#153 owns global numbering policy; no local index represented	No current label/reference index	No new document-state or layout subsystem	Existing parser/evaluator diagnostics only	Unrepresented behavior remains unsupported; no silent fallback	Existing structured diagnostics only	Pinned source sweep plus current Scribium code/tests	UNSUPPORTED	#183;#149;#166-#167;#156	No generated-table evaluator, row-padding contract, or output exists; #183 owns the table operation and #149/#166-#167 prerequisites.	Audit evidence only; implementation frozen until #156
owned	primitive:container	none	component/layout content	container(width: Size? = null, height: Size? = null, fullwidth: Boolean = false, float: FloatAlignment? = null, fullspan: Boolean = false, classname: String? = null, style: StyleOptions = DEFAULT, body: MarkdownContent? = null) -> NodeValue	https://github.com/iamgio/quarkdown/blob/107ec3a9482f10d6f90d7580f8409b46a719d18e/quarkdown-stdlib/src/main/kotlin/com/quarkdown/stdlib/Layout.kt	Wraps content in bounded local component sizing/alignment.	No direct Markdown baseline.	Local component semantics, not global pageformat.	Rushdown is the Markdown substrate; QD calls use the established scribium-markdown boundary	Current source-span model; no new #154 span mapping	No new binding; #149/#165-#167 own callable conversion	No new #154 evaluator dispatch	Existing AST/semantic nodes only; no production semantic addition	Existing backend-neutral IR only; no new variant	Existing lowering only; no new backend lowering	No new Quarkdown-specific output equivalence evidence	No resource access added; #155 where applicable	No current caption producer/consumer	#153 owns global numbering policy; no local index represented	No current label/reference index	No new document-state or layout subsystem	Existing parser/evaluator diagnostics only	Unrepresented behavior remains unsupported; no silent fallback	Existing structured diagnostics only	Pinned source sweep plus current Scribium code/tests	PARTIAL	#184;frozen until #156	Bounded width/height/fullwidth behavior exists, but remaining float/fullspan/class/style/body parity is not represented; the component-local gap is assigned to #184.	Audit evidence only; implementation frozen until #156
owned	primitive:align	none	component/layout content	align(alignment: Alignment, body: MarkdownContent) -> NodeValue	https://github.com/iamgio/quarkdown/blob/107ec3a9482f10d6f90d7580f8409b46a719d18e/quarkdown-stdlib/src/main/kotlin/com/quarkdown/stdlib/Layout.kt	Adds content-local alignment.	No direct Markdown baseline.	Local alignment is QD component semantics.	Rushdown is the Markdown substrate; QD calls use the established scribium-markdown boundary	Current source-span model; no new #154 span mapping	No new binding; #149/#165-#167 own callable conversion	Existing native/evaluator path; no new #154 code.	Existing semantic node or bounded Markdown semantic.	Existing backend-neutral IR.	Existing Typst lowering.	Existing component/Markdown tests and real Typst/PDF evidence.	No resource access added; #155 where applicable	No current caption producer/consumer	#153 owns global numbering policy; no local index represented	No current label/reference index	No new document-state or layout subsystem	Existing parser/evaluator diagnostics only	Unrepresented behavior remains unsupported; no silent fallback	Existing structured diagnostics only	Existing typed component evaluator/IR tests and real Typst/PDF tests for origin-aware alignment and bounded body lowering.	SUPPORTED_END_TO_END	#156;no implementation follow-up	No #154-owned gap for the evidenced typed alignment contract; broader Quarkdown style/body parity is outside this bounded row.	Audit evidence only; implementation frozen until #156
owned	primitive:center	none	component/layout content	center(body: MarkdownContent) -> NodeValue	https://github.com/iamgio/quarkdown/blob/107ec3a9482f10d6f90d7580f8409b46a719d18e/quarkdown-stdlib/src/main/kotlin/com/quarkdown/stdlib/Layout.kt	Centers content/text within its parent.	No direct Markdown baseline.	Local alignment is QD component semantics.	Rushdown is the Markdown substrate; QD calls use the established scribium-markdown boundary	Current source-span model; no new #154 span mapping	No new binding; #149/#165-#167 own callable conversion	Existing native/evaluator path; no new #154 code.	Existing semantic node or bounded Markdown semantic.	Existing backend-neutral IR.	Existing Typst lowering.	Existing component/Markdown tests and real Typst/PDF evidence.	No resource access added; #155 where applicable	No current caption producer/consumer	#153 owns global numbering policy; no local index represented	No current label/reference index	No new document-state or layout subsystem	Existing parser/evaluator diagnostics only	Unrepresented behavior remains unsupported; no silent fallback	Existing structured diagnostics only	Existing typed component evaluator/IR tests and real Typst/PDF tests for bounded center/body lowering.	SUPPORTED_END_TO_END	#156;no implementation follow-up	No #154-owned gap for the evidenced typed center contract; broader Quarkdown style/body parity is outside this bounded row.	Audit evidence only; implementation frozen until #156
owned	primitive:float	none	component/layout content	float(alignment: FloatAlignment, body: MarkdownContent) -> NodeValue	https://github.com/iamgio/quarkdown/blob/107ec3a9482f10d6f90d7580f8409b46a719d18e/quarkdown-stdlib/src/main/kotlin/com/quarkdown/stdlib/Layout.kt	Floats content for wrapping.	No direct Markdown baseline.	Float layout is QD-specific.	Rushdown is the Markdown substrate; QD calls use the established scribium-markdown boundary	Current source-span model; no new #154 span mapping	No new binding; #149/#165-#167 own callable conversion	No new #154 evaluator dispatch	Existing AST/semantic nodes only; no production semantic addition	Existing backend-neutral IR only; no new variant	Existing lowering only; no new backend lowering	No new Quarkdown-specific output equivalence evidence	No resource access added; #155 where applicable	No current caption producer/consumer	#153 owns global numbering policy; no local index represented	No current label/reference index	No new document-state or layout subsystem	Existing parser/evaluator diagnostics only	Unrepresented behavior remains unsupported; no silent fallback	Existing structured diagnostics only	Pinned source sweep plus current Scribium code/tests	UNSUPPORTED	#184;frozen until #156	No bounded .float semantic, backend-neutral representation, or Typst/output contract exists; this component-local gap is assigned to #184.	Audit evidence only; implementation frozen until #156
owned	primitive:row	none	component/layout content	row(alignment: MainAxisAlignment = START, cross: CrossAxisAlignment = CENTER, gap: Size? = null, body: MarkdownContent) -> NodeValue	https://github.com/iamgio/quarkdown/blob/107ec3a9482f10d6f90d7580f8409b46a719d18e/quarkdown-stdlib/src/main/kotlin/com/quarkdown/stdlib/Layout.kt	Horizontal local stack with alignment/gap.	No direct Markdown baseline.	Local row; not pageformat columns.	Rushdown is the Markdown substrate; QD calls use the established scribium-markdown boundary	Current source-span model; no new #154 span mapping	No new binding; #149/#165-#167 own callable conversion	Existing native/evaluator path; no new #154 code.	Existing semantic node or bounded Markdown semantic.	Existing backend-neutral IR.	Existing Typst lowering.	Existing component/Markdown tests and real Typst/PDF evidence.	No resource access added; #155 where applicable	No current caption producer/consumer	#153 owns global numbering policy; no local index represented	No current label/reference index	No new document-state or layout subsystem	Existing parser/evaluator diagnostics only	Unrepresented behavior remains unsupported; no silent fallback	Existing structured diagnostics only	Existing typed Row evaluator/IR tests, validation/failure-atomicity tests, and real Typst/PDF integration tests.	SUPPORTED_END_TO_END	#156;no implementation follow-up	No #154-owned gap for the evidenced typed Row contract; broader v2.5.1 component option/body parity is outside this bounded row.	Audit evidence only; implementation frozen until #156
owned	primitive:column	none	component/layout content	column(alignment: MainAxisAlignment = START, cross: CrossAxisAlignment = CENTER, gap: Size? = null, body: MarkdownContent) -> NodeValue	https://github.com/iamgio/quarkdown/blob/107ec3a9482f10d6f90d7580f8409b46a719d18e/quarkdown-stdlib/src/main/kotlin/com/quarkdown/stdlib/Layout.kt	Vertical local stack.	No direct Markdown baseline.	Local column; not pageformat columns.	Rushdown is the Markdown substrate; QD calls use the established scribium-markdown boundary	Current source-span model; no new #154 span mapping	No new binding; #149/#165-#167 own callable conversion	Existing native/evaluator path; no new #154 code.	Existing semantic node or bounded Markdown semantic.	Existing backend-neutral IR.	Existing Typst lowering.	Existing component/Markdown tests and real Typst/PDF evidence.	No resource access added; #155 where applicable	No current caption producer/consumer	#153 owns global numbering policy; no local index represented	No current label/reference index	No new document-state or layout subsystem	Existing parser/evaluator diagnostics only	Unrepresented behavior remains unsupported; no silent fallback	Existing structured diagnostics only	Existing typed Column evaluator/IR tests, validation/failure-atomicity tests, and real Typst/PDF integration tests.	SUPPORTED_END_TO_END	#156;no implementation follow-up	No #154-owned gap for the evidenced typed Column contract; broader v2.5.1 component option/body parity is outside this bounded row.	Audit evidence only; implementation frozen until #156
owned	primitive:grid	none	component/layout content	grid(columns: Int, alignment: MainAxisAlignment = CENTER, cross: CrossAxisAlignment = CENTER, gap/vgap/hgap: Size?, body: MarkdownContent) -> NodeValue	https://github.com/iamgio/quarkdown/blob/107ec3a9482f10d6f90d7580f8409b46a719d18e/quarkdown-stdlib/src/main/kotlin/com/quarkdown/stdlib/Layout.kt	Positive-column-count local grid.	No direct Markdown baseline.	Local grid; not document-wide columns.	Rushdown is the Markdown substrate; QD calls use the established scribium-markdown boundary	Current source-span model; no new #154 span mapping	No new binding; #149/#165-#167 own callable conversion	Existing native/evaluator path; no new #154 code.	Existing semantic node or bounded Markdown semantic.	Existing backend-neutral IR.	Existing Typst lowering.	Existing component/Markdown tests and real Typst/PDF evidence.	No resource access added; #155 where applicable	No current caption producer/consumer	#153 owns global numbering policy; no local index represented	No current label/reference index	No new document-state or layout subsystem	Existing parser/evaluator diagnostics only	Unrepresented behavior remains unsupported; no silent fallback	Existing structured diagnostics only	Existing typed Grid evaluator/IR tests, positive-column validation/failure-atomicity tests, and real Typst/PDF integration tests.	SUPPORTED_END_TO_END	#156;no implementation follow-up	No #154-owned gap for the evidenced typed Grid contract; broader v2.5.1 component option/body parity is outside this bounded row.	Audit evidence only; implementation frozen until #156
owned	primitive:landscape	none	component/layout content	landscape(body: MarkdownContent) -> NodeValue	https://github.com/iamgio/quarkdown/blob/107ec3a9482f10d6f90d7580f8409b46a719d18e/quarkdown-stdlib/src/main/kotlin/com/quarkdown/stdlib/Layout.kt	Content-local landscape wrapper.	No direct Markdown baseline.	Local orientation; not global pageformat.	Rushdown is the Markdown substrate; QD calls use the established scribium-markdown boundary	Current source-span model; no new #154 span mapping	No new binding; #149/#165-#167 own callable conversion	Existing native/evaluator path; no new #154 code.	Existing semantic node or bounded Markdown semantic.	Existing backend-neutral IR.	Existing Typst lowering.	Existing component/Markdown tests and real Typst/PDF evidence.	No resource access added; #155 where applicable	No current caption producer/consumer	#153 owns global numbering policy; no local index represented	No current label/reference index	No new document-state or layout subsystem	Existing parser/evaluator diagnostics only	Unrepresented behavior remains unsupported; no silent fallback	Existing structured diagnostics only	Existing typed Landscape evaluator/IR tests and real Typst/PDF rotation/reflow integration tests.	SUPPORTED_END_TO_END	#156;no implementation follow-up	No #154-owned gap for the evidenced typed Landscape contract; broader v2.5.1 orientation/output parity is outside this bounded row.	Audit evidence only; implementation frozen until #156
owned	primitive:fullspan	fullColumnSpan	component/layout content	fullspan(body: MarkdownContent) -> NodeValue	https://github.com/iamgio/quarkdown/blob/107ec3a9482f10d6f90d7580f8409b46a719d18e/quarkdown-stdlib/src/main/kotlin/com/quarkdown/stdlib/Layout.kt	Content spans all page columns.	No direct Markdown baseline.	Local full-span; global pageformat columns remain #153.	Rushdown is the Markdown substrate; QD calls use the established scribium-markdown boundary	Current source-span model; no new #154 span mapping	No new binding; #149/#165-#167 own callable conversion	No new #154 evaluator dispatch	Existing AST/semantic nodes only; no production semantic addition	Existing backend-neutral IR only; no new variant	Existing lowering only; no new backend lowering	No new Quarkdown-specific output equivalence evidence	No resource access added; #155 where applicable	No current caption producer/consumer	#153 owns global numbering policy; no local index represented	No current label/reference index	No new document-state or layout subsystem	Existing parser/evaluator diagnostics only	Unrepresented behavior remains unsupported; no silent fallback	Existing structured diagnostics only	Pinned source sweep plus current Scribium code/tests	UNSUPPORTED	#184;frozen until #156	No bounded .fullspan semantic, backend-neutral representation, or Typst/output contract exists; this component-local gap is assigned to #184.	Audit evidence only; implementation frozen until #156
owned	primitive:whitespace	none	component/layout content	whitespace(width: Size? = null, height: Size? = null) -> NodeValue	https://github.com/iamgio/quarkdown/blob/107ec3a9482f10d6f90d7580f8409b46a719d18e/quarkdown-stdlib/src/main/kotlin/com/quarkdown/stdlib/Layout.kt	Adds explicit sized spacing node.	No direct Markdown baseline.	QD spacing node.	Rushdown is the Markdown substrate; QD calls use the established scribium-markdown boundary	Current source-span model; no new #154 span mapping	No new binding; #149/#165-#167 own callable conversion	Existing native/evaluator path; no new #154 code.	Existing semantic node or bounded Markdown semantic.	Existing backend-neutral IR.	Existing Typst lowering.	Existing component/Markdown tests and real Typst/PDF evidence.	No resource access added; #155 where applicable	No current caption producer/consumer	#153 owns global numbering policy; no local index represented	No current label/reference index	No new document-state or layout subsystem	Existing parser/evaluator diagnostics only	Unrepresented behavior remains unsupported; no silent fallback	Existing structured diagnostics only	Existing typed Whitespace/Size evaluator/IR tests and real Typst/PDF spacing tests.	SUPPORTED_END_TO_END	#156;no implementation follow-up	No #154-owned gap for the evidenced typed Whitespace contract; broader renderer-default parity is outside this bounded row.	Audit evidence only; implementation frozen until #156
owned	primitive:clip	none	component/layout content	clip(clip: Clip, body: MarkdownContent) -> NodeValue	https://github.com/iamgio/quarkdown/blob/107ec3a9482f10d6f90d7580f8409b46a719d18e/quarkdown-stdlib/src/main/kotlin/com/quarkdown/stdlib/Layout.kt	Applies clipping path.	No direct Markdown baseline.	Clip geometry/rendering is QD.	Rushdown is the Markdown substrate; QD calls use the established scribium-markdown boundary	Current source-span model; no new #154 span mapping	No new binding; #149/#165-#167 own callable conversion	No new #154 evaluator dispatch	Existing AST/semantic nodes only; no production semantic addition	Existing backend-neutral IR only; no new variant	Existing lowering only; no new backend lowering	No new Quarkdown-specific output equivalence evidence	No resource access added; #155 where applicable	No current caption producer/consumer	#153 owns global numbering policy; no local index represented	No current label/reference index	No new document-state or layout subsystem	Existing parser/evaluator diagnostics only	Unrepresented behavior remains unsupported; no silent fallback	Existing structured diagnostics only	Pinned source sweep plus current Scribium code/tests	UNSUPPORTED	#184;frozen until #156	No bounded .clip semantic, backend-neutral representation, or Typst/output contract exists; this component-local gap is assigned to #184.	Audit evidence only; implementation frozen until #156
owned	primitive:box	none	component/content	box(title: InlineMarkdownContent? = null, type: BoxType = CALLOUT, padding: Sizes? = null, body: MarkdownContent) -> NodeValue	https://github.com/iamgio/quarkdown/blob/107ec3a9482f10d6f90d7580f8409b46a719d18e/quarkdown-stdlib/src/main/kotlin/com/quarkdown/stdlib/Layout.kt	Creates typed styled/callout box.	Blockquote baseline is not a typed box.	Type/title/style/localization/output are QD.	Rushdown is the Markdown substrate; QD calls use the established scribium-markdown boundary	Current source-span model; no new #154 span mapping	No new binding; #149/#165-#167 own callable conversion	No new #154 evaluator dispatch	Existing AST/semantic nodes only; no production semantic addition	Existing backend-neutral IR only; no new variant	Existing lowering only; no new backend lowering	No new Quarkdown-specific output equivalence evidence	No resource access added; #155 where applicable	No current caption producer/consumer	#153 owns global numbering policy; no local index represented	No current label/reference index	No new document-state or layout subsystem	Existing parser/evaluator diagnostics only	Unrepresented behavior remains unsupported; no silent fallback	Existing structured diagnostics only	Pinned source sweep plus current Scribium code/tests	UNSUPPORTED	#184;frozen until #156	No typed .box semantic or output contract exists; generic blockquote or function-call retention is not equivalent, and #184 owns the component gap.	Audit evidence only; implementation frozen until #156
owned	primitive:collapse	none	component/content	collapse(summary: InlineMarkdownContent, body: MarkdownContent) -> NodeValue	https://github.com/iamgio/quarkdown/blob/107ec3a9482f10d6f90d7580f8409b46a719d18e/quarkdown-stdlib/src/main/kotlin/com/quarkdown/stdlib/Layout.kt	Creates collapsible block.	No direct Markdown baseline.	Interactive collapse is QD/HTML presentation.	Rushdown is the Markdown substrate; QD calls use the established scribium-markdown boundary	Current source-span model; no new #154 span mapping	No new binding; #149/#165-#167 own callable conversion	No new #154 evaluator dispatch	Existing AST/semantic nodes only; no production semantic addition	Existing backend-neutral IR only; no new variant	Existing lowering only; no new backend lowering	No new Quarkdown-specific output equivalence evidence	No resource access added; #155 where applicable	No current caption producer/consumer	#153 owns global numbering policy; no local index represented	No current label/reference index	No new document-state or layout subsystem	Existing parser/evaluator diagnostics only	Unrepresented behavior remains unsupported; no silent fallback	Existing structured diagnostics only	Pinned source sweep plus current Scribium code/tests	UNSUPPORTED	#184;frozen until #156	No typed .collapse semantic or output contract exists; generic function-call retention is not equivalent, and #184 owns the component gap.	Audit evidence only; implementation frozen until #156
owned	primitive:textcollapse	none	component/content	textcollapse(summary: InlineMarkdownContent, body: InlineMarkdownContent) -> NodeValue	https://github.com/iamgio/quarkdown/blob/107ec3a9482f10d6f90d7580f8409b46a719d18e/quarkdown-stdlib/src/main/kotlin/com/quarkdown/stdlib/Layout.kt	Creates inline collapsible content.	No direct Markdown baseline.	Interactive inline collapse is QD.	Rushdown is the Markdown substrate; QD calls use the established scribium-markdown boundary	Current source-span model; no new #154 span mapping	No new binding; #149/#165-#167 own callable conversion	No new #154 evaluator dispatch	Existing AST/semantic nodes only; no production semantic addition	Existing backend-neutral IR only; no new variant	Existing lowering only; no new backend lowering	No new Quarkdown-specific output equivalence evidence	No resource access added; #155 where applicable	No current caption producer/consumer	#153 owns global numbering policy; no local index represented	No current label/reference index	No new document-state or layout subsystem	Existing parser/evaluator diagnostics only	Unrepresented behavior remains unsupported; no silent fallback	Existing structured diagnostics only	Pinned source sweep plus current Scribium code/tests	UNSUPPORTED	#184;frozen until #156	No typed .textcollapse semantic or output contract exists; generic function-call retention is not equivalent, and #184 owns the component gap.	Audit evidence only; implementation frozen until #156
owned	primitive:numbered	none	content/numbering consumer	numbered(ref: String? = null, body: MarkdownContent) -> NodeValue	https://github.com/iamgio/quarkdown/blob/107ec3a9482f10d6f90d7580f8409b46a719d18e/quarkdown-stdlib/src/main/kotlin/com/quarkdown/stdlib/Layout.kt	Marks content for location/number tracking.	No direct Markdown baseline.	Local numbering consumer; policy is #153.	Rushdown is the Markdown substrate; QD calls use the established scribium-markdown boundary	Current source-span model; no new #154 span mapping	No new binding; #149/#165-#167 own callable conversion	No new #154 evaluator dispatch	Existing AST/semantic nodes only; no production semantic addition	Existing backend-neutral IR only; no new variant	Existing lowering only; no new backend lowering	No new Quarkdown-specific output equivalence evidence	No resource access added; #155 where applicable	No current caption producer/consumer	#153 owns global numbering policy; no local index represented	No current label/reference index	No new document-state or layout subsystem	Existing parser/evaluator diagnostics only	Unrepresented behavior remains unsupported; no silent fallback	Existing structured diagnostics only	Pinned source sweep plus current Scribium code/tests	UNSUPPORTED	#181;#153;frozen until #156	No numbered-content producer, traversal/index, or reference/output contract exists; #181 owns shared indexing and #153 owns global numbering policy.	Audit evidence only; implementation frozen until #156
owned	primitive:todo	toDo	component/content	todo(content: InlineMarkdownContent) -> NodeValue	https://github.com/iamgio/quarkdown/blob/107ec3a9482f10d6f90d7580f8409b46a719d18e/quarkdown-stdlib/src/main/kotlin/com/quarkdown/stdlib/Layout.kt	Emits TODO content/annotation.	No direct Markdown baseline.	TODO presentation is QD.	Rushdown is the Markdown substrate; QD calls use the established scribium-markdown boundary	Current source-span model; no new #154 span mapping	No new binding; #149/#165-#167 own callable conversion	No new #154 evaluator dispatch	Existing AST/semantic nodes only; no production semantic addition	Existing backend-neutral IR only; no new variant	Existing lowering only; no new backend lowering	No new Quarkdown-specific output equivalence evidence	No resource access added; #155 where applicable	No current caption producer/consumer	#153 owns global numbering policy; no local index represented	No current label/reference index	No new document-state or layout subsystem	Existing parser/evaluator diagnostics only	Unrepresented behavior remains unsupported; no silent fallback	Existing structured diagnostics only	Pinned source sweep plus current Scribium code/tests	UNSUPPORTED	#184;frozen until #156	No typed .todo semantic or output contract exists; generic function-call retention is not equivalent, and #184 owns the component gap.	Audit evidence only; implementation frozen until #156
owned	primitive:text	none	inline content	text(content: String, classname: String? = null, style: StyleOptions = DEFAULT) -> NodeValue	https://github.com/iamgio/quarkdown/blob/107ec3a9482f10d6f90d7580f8409b46a719d18e/quarkdown-stdlib/src/main/kotlin/com/quarkdown/stdlib/Text.kt	Creates styled inline/text content.	Plain Markdown text is baseline.	Class/style wrapper is QD.	Rushdown is the Markdown substrate; QD calls use the established scribium-markdown boundary	Current source-span model; no new #154 span mapping	No new binding; #149/#165-#167 own callable conversion	No new #154 evaluator dispatch	Existing AST/semantic nodes only; no production semantic addition	Existing backend-neutral IR only; no new variant	Existing lowering only; no new backend lowering	No new Quarkdown-specific output equivalence evidence	No resource access added; #155 where applicable	No current caption producer/consumer	#153 owns global numbering policy; no local index represented	No current label/reference index	No new document-state or layout subsystem	Existing parser/evaluator diagnostics only	Unrepresented behavior remains unsupported; no silent fallback	Existing structured diagnostics only	Pinned source sweep plus current Scribium code/tests	PARTIAL	#184;frozen until #156	Markdown text is available, but callable .text style/font options and target output parity are not represented; #184 owns the component-local gap.	Audit evidence only; implementation frozen until #156
owned	primitive:br	lineBreak	inline content	br() -> LineBreak node	https://github.com/iamgio/quarkdown/blob/107ec3a9482f10d6f90d7580f8409b46a719d18e/quarkdown-stdlib/src/main/kotlin/com/quarkdown/stdlib/Text.kt	Creates explicit line break.	Hard break is Markdown baseline; callable producer is QD.	Callable `.br` semantics are QD.	Rushdown is the Markdown substrate; QD calls use the established scribium-markdown boundary	Current source-span model; no new #154 span mapping	No new binding; #149/#165-#167 own callable conversion	Existing native/evaluator path; no new #154 code.	Existing semantic node or bounded Markdown semantic.	Existing backend-neutral IR.	Existing Typst lowering.	Existing component/Markdown tests and real Typst/PDF evidence.	No resource access added; #155 where applicable	No current caption producer/consumer	#153 owns global numbering policy; no local index represented	No current label/reference index	No new document-state or layout subsystem	Existing parser/evaluator diagnostics only	Unrepresented behavior remains unsupported; no silent fallback	Existing structured diagnostics only	Existing native .br dispatch, inline IR/source-span tests, and Typst lowering/output tests.	SUPPORTED_END_TO_END	#156;no implementation follow-up	No #154-owned gap for the evidenced argumentless .br contract; broader callable/content context parity is outside this bounded row.	Audit evidence only; implementation frozen until #156
owned	primitive:codespan	codeSpan	inline content	codespan(text: String) -> CodeSpan node	https://github.com/iamgio/quarkdown/blob/107ec3a9482f10d6f90d7580f8409b46a719d18e/quarkdown-stdlib/src/main/kotlin/com/quarkdown/stdlib/Text.kt	Creates inline code span.	Backtick code span is Markdown baseline.	Callable text evaluation is QD.	Rushdown is the Markdown substrate; QD calls use the established scribium-markdown boundary	Current source-span model; no new #154 span mapping	No new binding; #149/#165-#167 own callable conversion	No new #154 evaluator dispatch	Existing AST/semantic nodes only; no production semantic addition	Existing backend-neutral IR only; no new variant	Existing lowering only; no new backend lowering	No new Quarkdown-specific output equivalence evidence	No resource access added; #155 where applicable	No current caption producer/consumer	#153 owns global numbering policy; no local index represented	No current label/reference index	No new document-state or layout subsystem	Existing parser/evaluator diagnostics only	Unrepresented behavior remains unsupported; no silent fallback	Existing structured diagnostics only	Pinned source sweep plus current Scribium code/tests	PARTIAL	#185;frozen until #156	Markdown inline code is available, but Quarkdown .codespan styling/content semantics and output parity are not represented; #185 owns the producer gap.	Audit evidence only; implementation frozen until #156
owned	primitive:match	none	inline transform	match(content: InlineMarkdownContent, pattern: String, replacement: Lambda) -> NodeValue	https://github.com/iamgio/quarkdown/blob/107ec3a9482f10d6f90d7580f8409b46a719d18e/quarkdown-stdlib/src/main/kotlin/com/quarkdown/stdlib/Text.kt	Regex replacement preserves inline structure around text leaves.	Markdown inline content is input baseline.	Regex/callback traversal/reconstruction is QD.	Rushdown is the Markdown substrate; QD calls use the established scribium-markdown boundary	Current source-span model; no new #154 span mapping	No new binding; #149/#165-#167 own callable conversion	No new #154 evaluator dispatch	Existing AST/semantic nodes only; no production semantic addition	Existing backend-neutral IR only; no new variant	Existing lowering only; no new backend lowering	No new Quarkdown-specific output equivalence evidence	No resource access added; #155 where applicable	No current caption producer/consumer	#153 owns global numbering policy; no local index represented	No current label/reference index	No new document-state or layout subsystem	Existing parser/evaluator diagnostics only	Unrepresented behavior remains unsupported; no silent fallback	Existing structured diagnostics only	Pinned source sweep plus current Scribium code/tests	UNSUPPORTED	#181;#156	No typed .match pattern/content semantics or output contract exists; source retention is not semantic support.	Audit evidence only; implementation frozen until #156
owned	primitive:loremipsum	loremIpsum	content primitive	loremipsum() -> StringValue/content	https://github.com/iamgio/quarkdown/blob/107ec3a9482f10d6f90d7580f8409b46a719d18e/quarkdown-stdlib/src/main/kotlin/com/quarkdown/stdlib/Text.kt	Returns packaged Lorem Ipsum content.	No Markdown syntax baseline.	Packaged content resource is QD.	Rushdown is the Markdown substrate; QD calls use the established scribium-markdown boundary	Current source-span model; no new #154 span mapping	No new binding; #149/#165-#167 own callable conversion	No new #154 evaluator dispatch	Existing AST/semantic nodes only; no production semantic addition	Existing backend-neutral IR only; no new variant	Existing lowering only; no new backend lowering	No new Quarkdown-specific output equivalence evidence	No resource access added; #155 where applicable	No current caption producer/consumer	#153 owns global numbering policy; no local index represented	No current label/reference index	No new document-state or layout subsystem	Existing parser/evaluator diagnostics only	Unrepresented behavior remains unsupported; no silent fallback	Existing structured diagnostics only	Pinned source sweep plus current Scribium code/tests	UNSUPPORTED	#181;#156	No typed .loremipsum generation semantics or output contract exists; source retention is not semantic support.	Audit evidence only; implementation frozen until #156
owned	primitive:markdown	none	raw/content escape hatch	markdown(content: String) -> NativeContent/NodeValue	https://github.com/iamgio/quarkdown/blob/107ec3a9482f10d6f90d7580f8409b46a719d18e/quarkdown-stdlib/src/main/kotlin/com/quarkdown/stdlib/Markdown.kt	Injects raw Markdown as target-specific native content.	Markdown is baseline language, but callable injection is distinct.	Native-content permission/target behavior is QD.	Rushdown is the Markdown substrate; QD calls use the established scribium-markdown boundary	Current source-span model; no new #154 span mapping	No new binding; #149/#165-#167 own callable conversion	No new #154 evaluator dispatch	Existing target-specific semantic state.	Existing target-specific backend-neutral representation.	Intentionally omitted by Typst/PDF or no HTML backend.	Semantic support only; rendered-output fidelity is not claimed.	No resource access added; #155 where applicable	No current caption producer/consumer	#153 owns global numbering policy; no local index represented	No current label/reference index	No new document-state or layout subsystem	Existing parser/evaluator diagnostics only	Unrepresented behavior remains unsupported; no silent fallback	Existing structured diagnostics only	Existing native-content evaluator/IR tests and explicit Typst/PDF omission-policy tests.	SUPPORTED_SEMANTICS	#156;no implementation follow-up	Semantic/native-content behavior is represented for the bounded contract; rendered Markdown output fidelity remains unavailable because Scribium has no HTML/Markdown backend.	Audit evidence only; implementation frozen until #156
owned	primitive:htmloptions	htmlOptions	raw/HTML content	htmloptions(title: String? = null, description: String? = null, keywords: String? = null, author: String? = null, language: String? = null, baseurl: String? = null) -> VoidValue	https://github.com/iamgio/quarkdown/blob/107ec3a9482f10d6f90d7580f8409b46a719d18e/quarkdown-stdlib/src/main/kotlin/com/quarkdown/stdlib/Html.kt	Sets target-specific HTML metadata/base URL options.	No Markdown baseline.	HTML metadata is QD target-specific content; not #153 layout state.	Rushdown is the Markdown substrate; QD calls use the established scribium-markdown boundary	Current source-span model; no new #154 span mapping	No new binding; #149/#165-#167 own callable conversion	No new #154 evaluator dispatch	Existing target-specific semantic state.	Existing target-specific backend-neutral representation.	Intentionally omitted by Typst/PDF or no HTML backend.	Semantic support only; rendered-output fidelity is not claimed.	No resource access added; #155 where applicable	No current caption producer/consumer	#153 owns global numbering policy; no local index represented	No current label/reference index	No new document-state or layout subsystem	Existing parser/evaluator diagnostics only	Unrepresented behavior remains unsupported; no silent fallback	Existing structured diagnostics only	Existing bounded HTML-options state/evaluator tests, #153 handoff audit evidence, and explicit no-HTML-backend policy.	SUPPORTED_SEMANTICS	#58;#155;#156	Target-specific HTML option state is represented semantically; rendered metadata fidelity remains unavailable because Scribium has no HTML backend.	Audit evidence only; implementation frozen until #156
owned	primitive:html	none	raw/HTML content	html(context[injected], content: String) -> NativeContent/NodeValue	https://github.com/iamgio/quarkdown/blob/107ec3a9482f10d6f90d7580f8409b46a719d18e/quarkdown-stdlib/src/main/kotlin/com/quarkdown/stdlib/Html.kt	Injects unsanitized raw HTML under NativeContent permission.	Raw HTML is bounded Markdown escape hatch only in Markdown mode.	Explicit `.html` native content is QD.	Rushdown is the Markdown substrate; QD calls use the established scribium-markdown boundary	Current source-span model; no new #154 span mapping	No new binding; #149/#165-#167 own callable conversion	No new #154 evaluator dispatch	Existing target-specific semantic state.	Existing target-specific backend-neutral representation.	Intentionally omitted by Typst/PDF or no HTML backend.	Semantic support only; rendered-output fidelity is not claimed.	No resource access added; #155 where applicable	No current caption producer/consumer	#153 owns global numbering policy; no local index represented	No current label/reference index	No new document-state or layout subsystem	Existing parser/evaluator diagnostics only	Unrepresented behavior remains unsupported; no silent fallback	Existing structured diagnostics only	Existing native-content permission/E3004/E8001 tests, target-specific IR tests, and explicit no-HTML-backend policy.	SUPPORTED_SEMANTICS	#58;#155;#156	Target-specific raw HTML content state is represented semantically; rendered HTML fidelity remains unavailable because Scribium has no HTML backend.	Audit evidence only; implementation frozen until #156
owned	primitive:css	none	raw/HTML content	css(context[injected], content: String) -> HTML style NativeContent	https://github.com/iamgio/quarkdown/blob/107ec3a9482f10d6f90d7580f8409b46a719d18e/quarkdown-stdlib/src/main/kotlin/com/quarkdown/stdlib/Html.kt	Wraps CSS in an HTML style element.	No Markdown baseline.	CSS injection is QD target-specific.	Rushdown is the Markdown substrate; QD calls use the established scribium-markdown boundary	Current source-span model; no new #154 span mapping	No new binding; #149/#165-#167 own callable conversion	No new #154 evaluator dispatch	Existing AST/semantic nodes only; no production semantic addition	Existing backend-neutral IR only; no new variant	Existing lowering only; no new backend lowering	No new Quarkdown-specific output equivalence evidence	No resource access added; #155 where applicable	No current caption producer/consumer	#153 owns global numbering policy; no local index represented	No current label/reference index	No new document-state or layout subsystem	Existing parser/evaluator diagnostics only	Unrepresented behavior remains unsupported; no silent fallback	Existing structured diagnostics only	Pinned source sweep plus current Scribium code/tests	UNSUPPORTED	#58;#155;#156	No Quarkdown .css semantic/output contract is represented; raw CSS is not lowered to a generic style system or backend escape hatch.	Audit evidence only; implementation frozen until #156
owned	primitive:cssproperties	cssProperties	raw/HTML content	cssproperties(context[injected], properties: Map<String, Value>) -> HTML style NativeContent	https://github.com/iamgio/quarkdown/blob/107ec3a9482f10d6f90d7580f8409b46a719d18e/quarkdown-stdlib/src/main/kotlin/com/quarkdown/stdlib/Html.kt	Builds `--qd-*` CSS properties from a map.	No Markdown baseline.	Property serialization and CSS output are QD.	Rushdown is the Markdown substrate; QD calls use the established scribium-markdown boundary	Current source-span model; no new #154 span mapping	No new binding; #149/#165-#167 own callable conversion	No new #154 evaluator dispatch	Existing AST/semantic nodes only; no production semantic addition	Existing backend-neutral IR only; no new variant	Existing lowering only; no new backend lowering	No new Quarkdown-specific output equivalence evidence	No resource access added; #155 where applicable	No current caption producer/consumer	#153 owns global numbering policy; no local index represented	No current label/reference index	No new document-state or layout subsystem	Existing parser/evaluator diagnostics only	Unrepresented behavior remains unsupported; no silent fallback	Existing structured diagnostics only	Pinned source sweep plus current Scribium code/tests	UNSUPPORTED	#58;#155;#156	No Quarkdown .cssproperties semantic/output contract is represented; raw CSS properties are not lowered to a generic style system.	Audit evidence only; implementation frozen until #156
owned	primitive:llmstxt	llmsTxt	raw/HTML content	llmstxt(context[injected], content: String, markdownavailable: Boolean) -> NodeValue	https://github.com/iamgio/quarkdown/blob/107ec3a9482f10d6f90d7580f8409b46a719d18e/quarkdown-stdlib/src/main/kotlin/com/quarkdown/stdlib/Html.kt	Emits an HTML/SEO llms.txt directive using base URL.	No Markdown baseline.	Generated external URL/target behavior depends on environment.	Rushdown is the Markdown substrate; QD calls use the established scribium-markdown boundary	Current source-span model; no new #154 span mapping	No new binding; #149/#165-#167 own callable conversion	No new #154 evaluator dispatch	Existing AST/semantic nodes only; no production semantic addition	Existing backend-neutral IR only; no new variant	Existing lowering only; no new backend lowering	No new Quarkdown-specific output equivalence evidence	No resource access added; #155 where applicable	No current caption producer/consumer	#153 owns global numbering policy; no local index represented	No current label/reference index	No new document-state or layout subsystem	Existing parser/evaluator diagnostics only	Unrepresented behavior remains unsupported; no silent fallback	Existing structured diagnostics only	Pinned source sweep plus current Scribium code/tests	DEFERRED	#58;#155;#156	The public .llmstxt contract remains deferred because base-URL, page-environment, and target-output behavior are not bounded in the current architecture.	Audit evidence only; implementation frozen until #156
owned	primitive:ref	reference	reference/label content	ref(id: String) -> CrossReference node	https://github.com/iamgio/quarkdown/blob/107ec3a9482f10d6f90d7580f8409b46a719d18e/quarkdown-stdlib/src/main/kotlin/com/quarkdown/stdlib/Reference.kt	Resolves identifier to generated reference text/location.	Markdown links are not cross-reference semantics.	Reference resolution is QD.	Rushdown is the Markdown substrate; QD calls use the established scribium-markdown boundary	Current source-span model; no new #154 span mapping	No new binding; #149/#165-#167 own callable conversion	No new #154 evaluator dispatch	Existing AST/semantic nodes only; no production semantic addition	Existing backend-neutral IR only; no new variant	Existing lowering only; no new backend lowering	No new Quarkdown-specific output equivalence evidence	No resource access added; #155 where applicable	No current caption producer/consumer	#153 owns global numbering policy; no local index represented	No current label/reference index	No new document-state or layout subsystem	Existing parser/evaluator diagnostics only	Unrepresented behavior remains unsupported; no silent fallback	Existing structured diagnostics only	Pinned source sweep plus current Scribium code/tests	UNSUPPORTED	#181;#156	No reference producer/consumer index, generated reference text, unresolved diagnostic, or anchor output is represented; #181 owns the shared reference boundary.	Audit evidence only; implementation frozen until #156
owned	primitive:fragment	none	slide content	fragment(behavior: SlidesFragment.Behavior = SHOW, content: MarkdownContent) -> NodeValue	https://github.com/iamgio/quarkdown/blob/107ec3a9482f10d6f90d7580f8409b46a719d18e/quarkdown-stdlib/src/main/kotlin/com/quarkdown/stdlib/Slides.kt	Adds reveal/hide fragment content.	No Markdown baseline.	Fragment behavior is slide content; `.slides` global config is #153.	Rushdown is the Markdown substrate; QD calls use the established scribium-markdown boundary	Current source-span model; no new #154 span mapping	No new binding; #149/#165-#167 own callable conversion	No new #154 evaluator dispatch	Existing AST/semantic nodes only; no production semantic addition	Existing backend-neutral IR only; no new variant	Existing lowering only; no new backend lowering	No new Quarkdown-specific output equivalence evidence	No resource access added; #155 where applicable	No current caption producer/consumer	#153 owns global numbering policy; no local index represented	No current label/reference index	No new document-state or layout subsystem	Existing parser/evaluator diagnostics only	Unrepresented behavior remains unsupported; no silent fallback	Existing structured diagnostics only	Pinned source sweep plus current Scribium code/tests	UNSUPPORTED	#184;frozen until #156	No typed .fragment semantic, slide gating, backend-neutral representation, or output contract exists; #184 owns the slide-content gap.	Audit evidence only; implementation frozen until #156
owned	primitive:speakernote	speakerNote	slide content	speakernote(content: MarkdownContent) -> NodeValue	https://github.com/iamgio/quarkdown/blob/107ec3a9482f10d6f90d7580f8409b46a719d18e/quarkdown-stdlib/src/main/kotlin/com/quarkdown/stdlib/Slides.kt	Adds speaker-note content.	No Markdown baseline.	Speaker-note node/visibility is QD; global option is #153.	Rushdown is the Markdown substrate; QD calls use the established scribium-markdown boundary	Current source-span model; no new #154 span mapping	No new binding; #149/#165-#167 own callable conversion	No new #154 evaluator dispatch	Existing AST/semantic nodes only; no production semantic addition	Existing backend-neutral IR only; no new variant	Existing lowering only; no new backend lowering	No new Quarkdown-specific output equivalence evidence	No resource access added; #155 where applicable	No current caption producer/consumer	#153 owns global numbering policy; no local index represented	No current label/reference index	No new document-state or layout subsystem	Existing parser/evaluator diagnostics only	Unrepresented behavior remains unsupported; no silent fallback	Existing structured diagnostics only	Pinned source sweep plus current Scribium code/tests	UNSUPPORTED	#184;frozen until #156	No typed .speakernote semantic, slide-only gating, backend-neutral representation, or output contract exists; #184 owns the slide-content gap.	Audit evidence only; implementation frozen until #156
owned	primitive:icon	none	media/content	icon(name: String) -> IconImage node	https://github.com/iamgio/quarkdown/blob/107ec3a9482f10d6f90d7580f8409b46a719d18e/quarkdown-stdlib/src/main/kotlin/com/quarkdown/stdlib/Icon.kt	Resolves named icon/image resource.	No Markdown baseline.	Catalog/resource/media rendering is QD.	Rushdown is the Markdown substrate; QD calls use the established scribium-markdown boundary	Current source-span model; no new #154 span mapping	No new binding; #149/#165-#167 own callable conversion	No new #154 evaluator dispatch	Existing AST/semantic nodes only; no production semantic addition	Existing backend-neutral IR only; no new variant	Existing lowering only; no new backend lowering	No new Quarkdown-specific output equivalence evidence	No resource access added; #155 where applicable	No current caption producer/consumer	#153 owns global numbering policy; no local index represented	No current label/reference index	No new document-state or layout subsystem	Existing parser/evaluator diagnostics only	Unrepresented behavior remains unsupported; no silent fallback	Existing structured diagnostics only	Pinned source sweep plus current Scribium code/tests	UNSUPPORTED	#182;#155;#156	No Quarkdown icon catalog, project/resource resolution, media-type, or output contract is represented; #182 owns the content producer and #155 owns resources.	Audit evidence only; implementation frozen until #156
owned	primitive:emoji	none	inline content	emoji(shortcode: String) -> inline content	https://github.com/iamgio/quarkdown/blob/107ec3a9482f10d6f90d7580f8409b46a719d18e/quarkdown-stdlib/src/main/kotlin/com/quarkdown/stdlib/Emoji.kt	Replaces shortcode with catalog emoji content.	No CommonMark shortcode baseline.	Catalog lookup/replacement is QD.	Rushdown is the Markdown substrate; QD calls use the established scribium-markdown boundary	Current source-span model; no new #154 span mapping	No new binding; #149/#165-#167 own callable conversion	No new #154 evaluator dispatch	Existing AST/semantic nodes only; no production semantic addition	Existing backend-neutral IR only; no new variant	Existing lowering only; no new backend lowering	No new Quarkdown-specific output equivalence evidence	No resource access added; #155 where applicable	No current caption producer/consumer	#153 owns global numbering policy; no local index represented	No current label/reference index	No new document-state or layout subsystem	Existing parser/evaluator diagnostics only	Unrepresented behavior remains unsupported; no silent fallback	Existing structured diagnostics only	Pinned source sweep plus current Scribium code/tests	UNSUPPORTED	#182;#155;#156	No Quarkdown emoji catalog, resource, media-type, or output contract is represented; the media/resource boundary remains #182/#155.	Audit evidence only; implementation frozen until #156
owned	primitive:allemojis	allEmojis	value/content	allemojis() -> DictionaryValue<StringValue>	https://github.com/iamgio/quarkdown/blob/107ec3a9482f10d6f90d7580f8409b46a719d18e/quarkdown-stdlib/src/main/kotlin/com/quarkdown/stdlib/Emoji.kt	Returns public emoji catalog as a value.	Not Markdown syntax.	Dictionary/value conversion is #149; consumer is content-adjacent.	Rushdown is the Markdown substrate; QD calls use the established scribium-markdown boundary	Current source-span model; no new #154 span mapping	No new binding; #149/#165-#167 own callable conversion	No new #154 evaluator dispatch	Existing AST/semantic nodes only; no production semantic addition	Existing backend-neutral IR only; no new variant	Existing lowering only; no new backend lowering	No new Quarkdown-specific output equivalence evidence	No resource access added; #155 where applicable	No current caption producer/consumer	#153 owns global numbering policy; no local index represented	No current label/reference index	No new document-state or layout subsystem	Existing parser/evaluator diagnostics only	Unrepresented behavior remains unsupported; no silent fallback	Existing structured diagnostics only	Pinned source sweep plus current Scribium code/tests	DEFERRED	#182;#155;#156	The public .allemojis producer is deferred pending a bounded catalog/resource/output contract at the #182/#155 boundary.	Audit evidence only; implementation frozen until #156
owned	primitive:mermaid	none	media/figure	mermaid(caption: InlineMarkdownContent? = null, ref: String? = null, code: EvaluableString) -> Figure node	https://github.com/iamgio/quarkdown/blob/107ec3a9482f10d6f90d7580f8409b46a719d18e/quarkdown-stdlib/src/main/kotlin/com/quarkdown/stdlib/Mermaid.kt	Creates Mermaid figure from evaluable diagram source.	No Markdown baseline.	Diagram source, figure caption/ref, and renderer are QD.	Rushdown is the Markdown substrate; QD calls use the established scribium-markdown boundary	Current source-span model; no new #154 span mapping	No new binding; #149/#165-#167 own callable conversion	No new #154 evaluator dispatch	Existing AST/semantic nodes only; no production semantic addition	Existing backend-neutral IR only; no new variant	Existing lowering only; no new backend lowering	No new Quarkdown-specific output equivalence evidence	No resource access added; #155 where applicable	No current caption producer/consumer	#153 owns global numbering policy; no local index represented	No current label/reference index	No new document-state or layout subsystem	Existing parser/evaluator diagnostics only	Unrepresented behavior remains unsupported; no silent fallback	Existing structured diagnostics only	Pinned source sweep plus current Scribium code/tests	UNSUPPORTED	#182;#155;#156	No Mermaid source, diagram semantic, resource/tool ownership, or output contract is represented; #182 owns the producer and #155 owns resources.	Audit evidence only; implementation frozen until #156
owned	primitive:xychart	xyChart	media/figure	xychart(options, caption: InlineMarkdownContent? = null, ref: String? = null, values: Iterable) -> Figure node	https://github.com/iamgio/quarkdown/blob/107ec3a9482f10d6f90d7580f8409b46a719d18e/quarkdown-stdlib/src/main/kotlin/com/quarkdown/stdlib/Mermaid.kt	Creates chart figure from structured values.	No Markdown baseline.	Data conversion, figure metadata, and rendering are QD.	Rushdown is the Markdown substrate; QD calls use the established scribium-markdown boundary	Current source-span model; no new #154 span mapping	No new binding; #149/#165-#167 own callable conversion	No new #154 evaluator dispatch	Existing AST/semantic nodes only; no production semantic addition	Existing backend-neutral IR only; no new variant	Existing lowering only; no new backend lowering	No new Quarkdown-specific output equivalence evidence	No resource access added; #155 where applicable	No current caption producer/consumer	#153 owns global numbering policy; no local index represented	No current label/reference index	No new document-state or layout subsystem	Existing parser/evaluator diagnostics only	Unrepresented behavior remains unsupported; no silent fallback	Existing structured diagnostics only	Pinned source sweep plus current Scribium code/tests	UNSUPPORTED	#182;#155;#156	No chart data, typed chart semantic, renderer ownership, or output contract is represented; #182 owns the producer and #155 owns resources.	Audit evidence only; implementation frozen until #156
owned	primitive:subdocumentgraph	subdocumentGraph	media/project content	subdocumentgraph() -> SubdocumentGraph node	https://github.com/iamgio/quarkdown/blob/107ec3a9482f10d6f90d7580f8409b46a719d18e/quarkdown-stdlib/src/main/kotlin/com/quarkdown/stdlib/Mermaid.kt	Emits graph of subdocuments.	No Markdown baseline.	Project/subdocument traversal and rendering are QD.	Rushdown is the Markdown substrate; QD calls use the established scribium-markdown boundary	Current source-span model; no new #154 span mapping	No new binding; #149/#165-#167 own callable conversion	No new #154 evaluator dispatch	Existing AST/semantic nodes only; no production semantic addition	Existing backend-neutral IR only; no new variant	Existing lowering only; no new backend lowering	No new Quarkdown-specific output equivalence evidence	No resource access added; #155 where applicable	No current caption producer/consumer	#153 owns global numbering policy; no local index represented	No current label/reference index	No new document-state or layout subsystem	Existing parser/evaluator diagnostics only	Unrepresented behavior remains unsupported; no silent fallback	Existing structured diagnostics only	Pinned source sweep plus current Scribium code/tests	BLOCKED	#155;#156	The subdocument graph contract is blocked on #155 project/resource/include ownership; no graph semantic or output contract can be claimed.	Audit evidence only; implementation frozen until #156
owned	primitive:keybinding	none	content primitive	keybinding(input: String) -> NodeValue	https://github.com/iamgio/quarkdown/blob/107ec3a9482f10d6f90d7580f8409b46a719d18e/quarkdown-stdlib/src/main/kotlin/com/quarkdown/stdlib/MiscElements.kt	Renders keyboard shortcut/keybinding content.	No Markdown baseline.	Keybinding parsing/platform mapping/presentation are QD.	Rushdown is the Markdown substrate; QD calls use the established scribium-markdown boundary	Current source-span model; no new #154 span mapping	No new binding; #149/#165-#167 own callable conversion	No new #154 evaluator dispatch	Existing AST/semantic nodes only; no production semantic addition	Existing backend-neutral IR only; no new variant	Existing lowering only; no new backend lowering	No new Quarkdown-specific output equivalence evidence	No resource access added; #155 where applicable	No current caption producer/consumer	#153 owns global numbering policy; no local index represented	No current label/reference index	No new document-state or layout subsystem	Existing parser/evaluator diagnostics only	Unrepresented behavior remains unsupported; no silent fallback	Existing structured diagnostics only	Pinned source sweep plus current Scribium code/tests	UNKNOWN	#181;#156	The pinned public declaration is enumerated, but its document-content contract and Scribium ownership are not established; it remains UNKNOWN pending bounded review.	Audit evidence only; implementation frozen until #156
handoff:#153	state:captionposition	captionPosition	global state consumer	captionposition(default: CaptionPosition?, figures: CaptionPosition?, tables: CaptionPosition?, code: CaptionPosition?) -> VoidValue	https://github.com/iamgio/quarkdown/blob/107ec3a9482f10d6f90d7580f8409b46a719d18e/quarkdown-stdlib/src/main/kotlin/com/quarkdown/stdlib/Document.kt	Global caption placement policy consumed by figure/table/code content.	Not a Markdown baseline surface.	Producer/dependency is outside #154; this row records the consumer edge.	Established owner boundary; #154 records consumer only.	Current source-span model; no new #154 span mapping	No new binding; #149/#165-#167 own callable conversion	No new #154 evaluator dispatch	Existing AST/semantic nodes only; no production semantic addition	Existing backend-neutral IR only; no new variant	Existing lowering only; no new backend lowering	No new Quarkdown-specific output equivalence evidence	No resource access added; #155 where applicable	No current caption producer/consumer	#153 owns global numbering policy; no local index represented	No current label/reference index	No new document-state or layout subsystem	Existing parser/evaluator diagnostics only	Unrepresented behavior remains unsupported; no silent fallback	Existing structured diagnostics only	Pinned source sweep and prior audit handoff evidence.	NOT_APPLICABLE	#145;#146;#153;frozen until #156	Dependency is explicitly outside #154; no duplicate implementation is authorized.	Audit evidence only; implementation frozen until #156
handoff:#153	state:numbering	numbering/nonumbering	global state consumer	numbering(...) and nonumbering() document policy	https://github.com/iamgio/quarkdown/blob/107ec3a9482f10d6f90d7580f8409b46a719d18e/quarkdown-stdlib/src/main/kotlin/com/quarkdown/stdlib/Document.kt	Global numbering policy consumed by headings, figures, tables, math, code, footnotes, and numbered content.	Not a Markdown baseline surface.	Producer/dependency is outside #154; this row records the consumer edge.	Established owner boundary; #154 records consumer only.	Current source-span model; no new #154 span mapping	No new binding; #149/#165-#167 own callable conversion	No new #154 evaluator dispatch	Existing AST/semantic nodes only; no production semantic addition	Existing backend-neutral IR only; no new variant	Existing lowering only; no new backend lowering	No new Quarkdown-specific output equivalence evidence	No resource access added; #155 where applicable	No current caption producer/consumer	#153 owns global numbering policy; no local index represented	No current label/reference index	No new document-state or layout subsystem	Existing parser/evaluator diagnostics only	Unrepresented behavior remains unsupported; no silent fallback	Existing structured diagnostics only	Pinned source sweep and prior audit handoff evidence.	NOT_APPLICABLE	#175;#153;frozen until #156	Dependency is explicitly outside #154; no duplicate implementation is authorized.	Audit evidence only; implementation frozen until #156
handoff:#153	state:pageformat-columns	pageFormat	global state consumer	pageformat(columns: Int?, ...) -> VoidValue	https://github.com/iamgio/quarkdown/blob/107ec3a9482f10d6f90d7580f8409b46a719d18e/quarkdown-stdlib/src/main/kotlin/com/quarkdown/stdlib/Document.kt	Document-wide columns are consumed by local row/column/grid/fullspan.	Not a Markdown baseline surface.	Producer/dependency is outside #154; this row records the consumer edge.	Established owner boundary; #154 records consumer only.	Current source-span model; no new #154 span mapping	No new binding; #149/#165-#167 own callable conversion	No new #154 evaluator dispatch	Existing AST/semantic nodes only; no production semantic addition	Existing backend-neutral IR only; no new variant	Existing lowering only; no new backend lowering	No new Quarkdown-specific output equivalence evidence	No resource access added; #155 where applicable	No current caption producer/consumer	#153 owns global numbering policy; no local index represented	No current label/reference index	No new document-state or layout subsystem	Existing parser/evaluator diagnostics only	Unrepresented behavior remains unsupported; no silent fallback	Existing structured diagnostics only	Pinned source sweep and prior audit handoff evidence.	NOT_APPLICABLE	#175;#153;frozen until #156	Dependency is explicitly outside #154; no duplicate implementation is authorized.	Audit evidence only; implementation frozen until #156
handoff:#153	state:slides	slides	global state consumer	slides(center: Boolean?, controls: Boolean?, speakernotes: Boolean?, transition: Transition, speed: Speed)	https://github.com/iamgio/quarkdown/blob/107ec3a9482f10d6f90d7580f8409b46a719d18e/quarkdown-stdlib/src/main/kotlin/com/quarkdown/stdlib/Slides.kt	Global slide configuration is consumed by fragment/speaker-note content.	Not a Markdown baseline surface.	Producer/dependency is outside #154; this row records the consumer edge.	Established owner boundary; #154 records consumer only.	Current source-span model; no new #154 span mapping	No new binding; #149/#165-#167 own callable conversion	No new #154 evaluator dispatch	Existing AST/semantic nodes only; no production semantic addition	Existing backend-neutral IR only; no new variant	Existing lowering only; no new backend lowering	No new Quarkdown-specific output equivalence evidence	No resource access added; #155 where applicable	No current caption producer/consumer	#153 owns global numbering policy; no local index represented	No current label/reference index	No new document-state or layout subsystem	Existing parser/evaluator diagnostics only	Unrepresented behavior remains unsupported; no silent fallback	Existing structured diagnostics only	Pinned source sweep and prior audit handoff evidence.	NOT_APPLICABLE	#178;#153;#184;frozen until #156	Dependency is explicitly outside #154; no duplicate implementation is authorized.	Audit evidence only; implementation frozen until #156
handoff:#153	state:texmacro	texMacro	global state consumer	texmacro(name: String, macro: String) -> VoidValue	https://github.com/iamgio/quarkdown/blob/107ec3a9482f10d6f90d7580f8409b46a719d18e/quarkdown-stdlib/src/main/kotlin/com/quarkdown/stdlib/Document.kt	Document macro map is consumed by math rendering.	Not a Markdown baseline surface.	Producer/dependency is outside #154; this row records the consumer edge.	Established owner boundary; #154 records consumer only.	Current source-span model; no new #154 span mapping	No new binding; #149/#165-#167 own callable conversion	No new #154 evaluator dispatch	Existing AST/semantic nodes only; no production semantic addition	Existing backend-neutral IR only; no new variant	Existing lowering only; no new backend lowering	No new Quarkdown-specific output equivalence evidence	No resource access added; #155 where applicable	No current caption producer/consumer	#153 owns global numbering policy; no local index represented	No current label/reference index	No new document-state or layout subsystem	Existing parser/evaluator diagnostics only	Unrepresented behavior remains unsupported; no silent fallback	Existing structured diagnostics only	Pinned source sweep and prior audit handoff evidence.	NOT_APPLICABLE	#180;#153;#185;frozen until #156	Dependency is explicitly outside #154; no duplicate implementation is authorized.	Audit evidence only; implementation frozen until #156
handoff:#155	resource:read	read	resource/content consumer	read(path: String, from: Int? = null, to: Int? = null) -> StringValue	https://github.com/iamgio/quarkdown/blob/107ec3a9482f10d6f90d7580f8409b46a719d18e/quarkdown-stdlib/src/main/kotlin/com/quarkdown/stdlib/Data.kt	Project-relative content read feeds code/markdown and other producers.	Not a Markdown baseline surface.	Producer/dependency is outside #154; this row records the consumer edge.	Established owner boundary; #154 records consumer only.	Current source-span model; no new #154 span mapping	No new binding; #149/#165-#167 own callable conversion	No new #154 evaluator dispatch	Existing AST/semantic nodes only; no production semantic addition	Existing backend-neutral IR only; no new variant	Existing lowering only; no new backend lowering	No new Quarkdown-specific output equivalence evidence	No resource access added; #155 where applicable	No current caption producer/consumer	#153 owns global numbering policy; no local index represented	No current label/reference index	No new document-state or layout subsystem	Existing parser/evaluator diagnostics only	Unrepresented behavior remains unsupported; no silent fallback	Existing structured diagnostics only	Pinned source sweep and prior audit handoff evidence.	NOT_APPLICABLE	#155;frozen until #156	Dependency is explicitly outside #154; no duplicate implementation is authorized.	Audit evidence only; implementation frozen until #156
handoff:#155	resource:json-csv	json;csv	resource/content consumer	json(path: String) and csv(path: String) -> data values	https://github.com/iamgio/quarkdown/blob/107ec3a9482f10d6f90d7580f8409b46a719d18e/quarkdown-stdlib/src/main/kotlin/com/quarkdown/stdlib/Data.kt	Structured project resources can feed generated content/tables.	Not a Markdown baseline surface.	Producer/dependency is outside #154; this row records the consumer edge.	Established owner boundary; #154 records consumer only.	Current source-span model; no new #154 span mapping	No new binding; #149/#165-#167 own callable conversion	No new #154 evaluator dispatch	Existing AST/semantic nodes only; no production semantic addition	Existing backend-neutral IR only; no new variant	Existing lowering only; no new backend lowering	No new Quarkdown-specific output equivalence evidence	No resource access added; #155 where applicable	No current caption producer/consumer	#153 owns global numbering policy; no local index represented	No current label/reference index	No new document-state or layout subsystem	Existing parser/evaluator diagnostics only	Unrepresented behavior remains unsupported; no silent fallback	Existing structured diagnostics only	Pinned source sweep and prior audit handoff evidence.	NOT_APPLICABLE	#155;frozen until #156	Dependency is explicitly outside #154; no duplicate implementation is authorized.	Audit evidence only; implementation frozen until #156
handoff:#155	resource:include-subdocument	include;includeall;subdocument	resource/content consumer	include(path: String, mode: IncludeMode = SHARE) and subdocument(...)	https://github.com/iamgio/quarkdown/blob/107ec3a9482f10d6f90d7580f8409b46a719d18e/quarkdown-stdlib/src/main/kotlin/com/quarkdown/stdlib/Ecosystem.kt	Includes/composes project documents that contain content.	Not a Markdown baseline surface.	Producer/dependency is outside #154; this row records the consumer edge.	Established owner boundary; #154 records consumer only.	Current source-span model; no new #154 span mapping	No new binding; #149/#165-#167 own callable conversion	No new #154 evaluator dispatch	Existing AST/semantic nodes only; no production semantic addition	Existing backend-neutral IR only; no new variant	Existing lowering only; no new backend lowering	No new Quarkdown-specific output equivalence evidence	No resource access added; #155 where applicable	No current caption producer/consumer	#153 owns global numbering policy; no local index represented	No current label/reference index	No new document-state or layout subsystem	Existing parser/evaluator diagnostics only	Unrepresented behavior remains unsupported; no silent fallback	Existing structured diagnostics only	Pinned source sweep and prior audit handoff evidence.	NOT_APPLICABLE	#155;frozen until #156	Dependency is explicitly outside #154; no duplicate implementation is authorized.	Audit evidence only; implementation frozen until #156
handoff:#149	content:binder-conversion	none	binding/conversion prerequisite	Content body, inline body, string, map, iterable, and lambda conversion contracts	https://github.com/iamgio/quarkdown/blob/107ec3a9482f10d6f90d7580f8409b46a719d18e/quarkdown-core/src/main/kotlin/com/quarkdown/core/function/value	Content producers receive typed/lazy bodies after one binder.	Not a Markdown baseline surface.	Producer/dependency is outside #154; this row records the consumer edge.	Established owner boundary; #154 records consumer only.	Current source-span model; no new #154 span mapping	No new binding; #149/#165-#167 own callable conversion	No new #154 evaluator dispatch	Existing AST/semantic nodes only; no production semantic addition	Existing backend-neutral IR only; no new variant	Existing lowering only; no new backend lowering	No new Quarkdown-specific output equivalence evidence	No resource access added; #155 where applicable	No current caption producer/consumer	#153 owns global numbering policy; no local index represented	No current label/reference index	No new document-state or layout subsystem	Existing parser/evaluator diagnostics only	Unrepresented behavior remains unsupported; no silent fallback	Existing structured diagnostics only	Pinned source sweep and prior audit handoff evidence.	NOT_APPLICABLE	#149;#165-#167;frozen until #156	Dependency is explicitly outside #154; no duplicate implementation is authorized.	Audit evidence only; implementation frozen until #156
handoff:#158	content:nested-tight-calls	nested function calls	content grammar prerequisite	Nested/tight call body boundaries and source-order evaluation	https://github.com/iamgio/quarkdown/blob/107ec3a9482f10d6f90d7580f8409b46a719d18e/quarkdown-core/src/main/kotlin/com/quarkdown/core/parser/FunctionCallRefiner.kt	Many content producers accept nested bodies/calls.	Not a Markdown baseline surface.	Producer/dependency is outside #154; this row records the consumer edge.	Established owner boundary; #154 records consumer only.	Current source-span model; no new #154 span mapping	No new binding; #149/#165-#167 own callable conversion	No new #154 evaluator dispatch	Existing AST/semantic nodes only; no production semantic addition	Existing backend-neutral IR only; no new variant	Existing lowering only; no new backend lowering	No new Quarkdown-specific output equivalence evidence	No resource access added; #155 where applicable	No current caption producer/consumer	#153 owns global numbering policy; no local index represented	No current label/reference index	No new document-state or layout subsystem	Existing parser/evaluator diagnostics only	Unrepresented behavior remains unsupported; no silent fallback	Existing structured diagnostics only	Pinned source sweep and prior audit handoff evidence.	NOT_APPLICABLE	#158;frozen until #156	Dependency is explicitly outside #154; no duplicate implementation is authorized.	Audit evidence only; implementation frozen until #156
handoff:#160	content:inline-markdown-body	none	content grammar/value prerequisite	Inline Markdown inside Quarkdown content arguments	https://github.com/iamgio/quarkdown/blob/107ec3a9482f10d6f90d7580f8409b46a719d18e/quarkdown-core/src/main/kotlin/com/quarkdown/core/function/value/MarkdownContentValue.kt	Content producers receive inline Markdown with source identity.	Not a Markdown baseline surface.	Producer/dependency is outside #154; this row records the consumer edge.	Established owner boundary; #154 records consumer only.	Current source-span model; no new #154 span mapping	No new binding; #149/#165-#167 own callable conversion	No new #154 evaluator dispatch	Existing AST/semantic nodes only; no production semantic addition	Existing backend-neutral IR only; no new variant	Existing lowering only; no new backend lowering	No new Quarkdown-specific output equivalence evidence	No resource access added; #155 where applicable	No current caption producer/consumer	#153 owns global numbering policy; no local index represented	No current label/reference index	No new document-state or layout subsystem	Existing parser/evaluator diagnostics only	Unrepresented behavior remains unsupported; no silent fallback	Existing structured diagnostics only	Pinned source sweep and prior audit handoff evidence.	NOT_APPLICABLE	#160;frozen until #156	Dependency is explicitly outside #154; no duplicate implementation is authorized.	Audit evidence only; implementation frozen until #156
handoff:#166	content:raw-body	none	content value prerequisite	Raw body capture and lossless String/body conversion	https://github.com/iamgio/quarkdown/blob/107ec3a9482f10d6f90d7580f8409b46a719d18e/quarkdown-core/src/main/kotlin/com/quarkdown/core/function/value/factory/ValueFactory.kt	Code/math/html/markdown consume raw or evaluable body values.	Not a Markdown baseline surface.	Producer/dependency is outside #154; this row records the consumer edge.	Established owner boundary; #154 records consumer only.	Current source-span model; no new #154 span mapping	No new binding; #149/#165-#167 own callable conversion	No new #154 evaluator dispatch	Existing AST/semantic nodes only; no production semantic addition	Existing backend-neutral IR only; no new variant	Existing lowering only; no new backend lowering	No new Quarkdown-specific output equivalence evidence	No resource access added; #155 where applicable	No current caption producer/consumer	#153 owns global numbering policy; no local index represented	No current label/reference index	No new document-state or layout subsystem	Existing parser/evaluator diagnostics only	Unrepresented behavior remains unsupported; no silent fallback	Existing structured diagnostics only	Pinned source sweep and prior audit handoff evidence.	NOT_APPLICABLE	#166;#167;frozen until #156	Dependency is explicitly outside #154; no duplicate implementation is authorized.	Audit evidence only; implementation frozen until #156
